deployment_id,deployment_day_id_t,deployment_day_id_t_1,date_t,date_t_1,observation_order_t,day_sequence,window_start,window_end,lag_duration_hours,metrics_complete,temp_data_coverage,wind_data_coverage,butterfly_data_coverage,max_butterflies_t,butterflies_95th_percentile_t,butterflies_top3_mean_t,sum_butterflies_direct_sun_t,time_of_max_t,max_butterflies_t_1,butterflies_95th_percentile_t_1,butterflies_top3_mean_t_1,time_of_max_t_1,temp_max,temp_min,temp_mean,temp_at_max_count_t_1,hours_above_15C,degree_hours_above_15C,wind_avg_sustained,wind_max_gust,wind_gust_sum,wind_gust_sum_above_2ms,wind_gust_hours,wind_minutes_above_2ms,wind_gust_sd,wind_mode_gust,sum_butterflies_direct_sun,days_since_oct15_t,butterfly_diff,butterfly_diff_sqrt,butterfly_diff_sq,butterfly_diff_95th,butterfly_diff_95th_sqrt,butterfly_diff_95th_sq,butterfly_diff_top3,butterfly_diff_top3_sqrt,butterfly_diff_top3_sq,Observer,horizontal_dist_to_cluster_m,grove,view_id
SC1,SC1_20231119,SC1_20231118,2023-11-19,2023-11-18,2,3,2023-11-18 06:30:02,2023-11-19 06:30:02,24.0,0.9856853430229319,1.0,0.9993055555555556,0.9583333333333334,21.0,20.9,20.333333333333332,5.0,2023-11-19 07:30:01,56.0,55.95,55.666666666666664,2023-11-18 06:30:02,18.0,13.0,15.602076124567475,16.0,116.5,118.5,0.8557331480194579,4.9,1862.9000000000003,1299.8,31.04833333333334,455,1.2943919157654606,0.0,0.0,35,-35.0,-5.916079783099616,-1225.0,-35.050000000000004,-5.920304046246274,-1228.5025000000003,-35.33333333333333,-5.944184833375669,-1248.4444444444441,Skyler,4.2,Spring Canyon,1A
SC1,SC1_20231120,SC1_20231119,2023-11-20,2023-11-19,3,4,2023-11-19 07:30:01,2023-11-20 07:30:01,24.0,0.970962844034495,1.0,0.9986111111111111,0.9166666666666666,5.0,5.0,5.0,3.0,2023-11-20 06:30:01,21.0,20.9,20.333333333333332,2023-11-19 07:30:01,21.0,8.0,13.328125,11.0,34.0,59.5,0.8356745479833102,4.5,2101.7000000000003,865.4,35.028333333333336,498,0.8346795136839147,2.0,5.0,36,-16.0,-4.0,-256.0,-15.899999999999999,-3.987480407475377,-252.80999999999995,-15.333333333333332,-3.9157800414902435,-235.1111111111111,Skyler,4.2,Spring Canyon,1A
SC10,SC10_20240107,SC10_20240106,2024-01-07,2024-01-06,2,3,2024-01-06 16:06:04,2024-01-07 16:06:04,24.0,0.9856853430229319,1.0,0.9993055555555556,0.9583333333333334,78.0,77.0,74.66666666666667,104.0,2024-01-07 15:36:04,39.0,29.9,32.333333333333336,2024-01-06 16:06:04,19.0,5.0,11.213793103448277,13.0,14.0,33.5,1.6514246004169564,7.0,3232.6000000000004,2404.7,53.87666666666667,815,1.263766768679003,1.0,104.0,84,39.0,6.244997998398398,1521.0,47.1,6.862943974709396,2218.4100000000003,42.333333333333336,6.506407098647712,1792.1111111111113,Emery,7.5,Spring Canyon,2A
SC10,SC10_20240108,SC10_20240107,2024-01-08,2024-01-07,3,4,2024-01-07 15:36:04,2024-01-08 15:36:04,24.0,0.970962844034495,1.0,0.9986111111111111,0.9166666666666666,130.0,127.0,128.0,176.0,2024-01-08 15:06:04,78.0,77.0,74.66666666666667,2024-01-07 15:36:04,19.0,3.0,9.048275862068966,15.0,15.0,43.0,0.7863004172461752,4.7,1597.2,959.6999999999998,26.62,437,1.0688657339437528,0.0,176.0,85,52.0,7.211102550927978,2704.0,50.0,7.0710678118654755,2500.0,53.33333333333333,7.302967433402214,2844.444444444444,Emery,7.5,Spring Canyon,2A
SC10,SC10_20240109,SC10_20240108,2024-01-09,2024-01-08,4,5,2024-01-08 15:06:04,2024-01-09 15:06:04,24.0,0.9711878644003805,1.0,0.9993055555555556,0.9166666666666666,148.0,145.0,144.66666666666666,416.0,2024-01-09 16:36:04,130.0,127.0,128.0,2024-01-08 15:06:04,19.0,5.0,10.179310344827586,18.0,16.0,42.0,0.7550382209867964,3.7,1502.4,660.1,25.040000000000003,330,0.9130740612757239,0.0,416.0,86,18.0,4.242640687119285,324.0,18.0,4.242640687119285,324.0,16.666666666666657,4.082482904638629,277.7777777777775,Emery,7.5,Spring Canyon,2A
SC10,SC10_20240110,SC10_20240109,2024-01-10,2024-01-09,5,6,2024-01-09 16:36:04,2024-01-10 16:36:04,24.0,0.970962844034495,1.0,0.9986111111111111,0.9166666666666666,282.0,180.0,197.0,385.0,2024-01-10 08:36:04,148.0,145.0,144.66666666666666,2024-01-09 16:36:04,18.0,6.0,11.46896551724138,13.0,12.0,23.5,1.4376216968011128,4.3,2862.1000000000004,1813.8000000000002,47.701666666666675,861,0.738868042708215,2.0,385.0,87,134.0,11.575836902790225,17956.0,35.0,5.916079783099616,1225.0,52.33333333333334,7.234178138070236,2738.7777777777787,Emery,7.5,Spring Canyon,2A
SC10,SC10_20240111,SC10_20240110,2024-01-11,2024-01-10,6,7,2024-01-10 08:36:04,2024-01-11 08:36:04,24.0,0.970962844034495,1.0,0.9986111111111111,0.9166666666666666,306.0,220.0,245.66666666666666,456.0,2024-01-11 14:36:04,282.0,180.0,197.0,2024-01-10 08:36:04,18.0,5.0,11.393103448275863,8.0,12.0,23.5,2.1639777468706534,7.4,4234.7,3706.8999999999996,70.57833333333333,1165,1.2530649742679887,3.0,385.0,88,24.0,4.898979485566356,576.0,40.0,6.324555320336759,1600.0,48.66666666666666,6.976149845485449,2368.4444444444434,Emery,7.5,Spring Canyon,2A
SC10,SC10_20240112,SC10_20240111,2024-01-12,2024-01-11,7,8,2024-01-11 14:36:04,2024-01-12 14:36:04,24.0,0.970962844034495,1.0,0.9986111111111111,0.9166666666666666,770.0,476.5999999999999,548.0,387.0,2024-01-12 16:06:04,306.0,220.0,245.66666666666666,2024-01-11 14:36:04,18.0,3.0,8.917241379310346,17.0,14.0,30.0,0.8073713490959666,4.1,1635.8000000000002,578.4000000000001,27.263333333333335,318,0.8337655873740268,1.0,387.0,89,464.0,21.540659228538015,215296.0,256.5999999999999,16.018739026527648,65843.55999999995,302.33333333333337,17.387735140993303,91405.44444444447,Emery,7.5,Spring Canyon,2A
SC10,SC10_20240113,SC10_20240112,2024-01-13,2024-01-12,8,9,2024-01-12 16:06:04,2024-01-13 16:06:04,24.0,0.9856853430229319,1.0,0.9993055555555556,0.9583333333333334,497.0,420.55,443.3333333333333,1122.0,2024-01-13 14:36:04,770.0,476.5999999999999,548.0,2024-01-12 16:06:04,21.0,5.0,10.63448275862069,13.0,16.0,45.0,0.7761640027797082,3.2,1590.8,740.1999999999999,26.513333333333332,445,0.9917555239049745,0.0,1122.0,90,-273.0,-16.522711641858304,-74529.0,-56.0499999999999,-7.48665479369791,-3141.6024999999886,-104.66666666666669,-10.230672835481872,-10955.111111111115,Emery,7.5,Spring Canyon,2A
SC10,SC10_20240114,SC10_20240113,2024-01-14,2024-01-13,9,10,2024-01-13 14:36:04,2024-01-14 14:36:04,24.0,0.9856853430229319,1.0,0.9993055555555556,0.9583333333333334,500.0,499.0,499.0,0.0,2024-01-14 08:06:04,497.0,420.55,443.3333333333333,2024-01-13 14:36:04,19.0,8.0,11.248275862068965,19.0,4.0,10.5,0.4501042390548991,2.6,947.1999999999999,90.60000000000004,15.786666666666665,66,0.6370349849502737,0.0,42.0,91,3.0,1.7320508075688772,9.0,78.44999999999999,8.857200460642177,6154.402499999998,55.666666666666686,7.461009761866465,3098.77777777778,Emery,7.5,Spring Canyon,2A
SC10,SC10_20240115,SC10_20240114,2024-01-15,2024-01-14,10,11,2024-01-14 08:06:04,2024-01-15 08:06:04,24.0,0.9711878644003805,1.0,0.9993055555555556,0.9166666666666666,397.0,283.44999999999993,294.0,373.0,2024-01-15 08:26:04,500.0,499.0,499.0,2024-01-14 08:06:04,14.0,6.0,10.755244755244755,10.0,0.0,0.0,0.36435024322446147,2.2,766.6,4.4,12.776666666666667,10,0.5909189743938335,0.0,0.0,92,-103.0,-10.14889156509222,-10609.0,-215.55000000000007,-14.68162116389059,-46461.80250000003,-205.0,-14.317821063276353,-42025.0,Emery,7.5,Spring Canyon,2A
SC10,SC10_20240116,SC10_20240115,2024-01-16,2024-01-15,11,12,2024-01-15 08:26:04,2024-01-16 08:26:04,24.0,0.9856853430229319,1.0,0.9993055555555556,0.9583333333333334,79.0,68.9,71.66666666666667,145.0,2024-01-16 07:26:04,397.0,283.44999999999993,294.0,2024-01-15 08:26:04,20.0,7.0,11.848275862068965,9.0,16.0,40.5,0.19242529534398886,2.2,403.1,4.4,6.718333333333334,6,0.517531033842916,0.0,373.0,93,-318.0,-17.832554500127006,-101124.0,-214.54999999999993,-14.647525388269512,-46031.70249999997,-222.33333333333331,-14.910846164230026,-49432.1111111111,Emery,7.5,Spring Canyon,2A
SC10,SC10_20240117,SC10_20240116,2024-01-17,2024-01-16,12,13,2024-01-16 07:26:04,2024-01-17 07:26:04,24.0,0.9856853430229319,1.0,0.9993055555555556,0.9583333333333334,5.0,4.0,4.333333333333333,2.0,2024-01-17 16:26:04,79.0,68.9,71.66666666666667,2024-01-16 07:26:04,20.0,8.0,12.337931034482759,8.0,13.0,39.5,0.2686587908269632,2.2,582.9000000000001,2.2,9.715000000000002,16,0.609939101441787,0.0,145.0,94,-74.0,-8.602325267042627,-5476.0,-64.9,-8.056053624449133,-4212.010000000001,-67.33333333333334,-8.205689083394114,-4533.777777777779,Emery,7.5,Spring Canyon,2A
SC10,SC10_20240118,SC10_20240117,2024-01-18,2024-01-17,13,14,2024-01-17 16:26:04,2024-01-18 16:26:04,24.0,0.9856853430229319,1.0,0.9993055555555556,0.9583333333333334,5.0,4.0,4.333333333333333,14.0,2024-01-18 08:26:04,5.0,4.0,4.333333333333333,2024-01-17 16:26:04,19.0,6.0,10.931034482758621,12.0,18.0,30.5,0.28471160528144546,4.1,717.3000000000001,145.9,11.955000000000002,84,0.7265272803680726,0.0,14.0,95,0.0,0.0,0.0,0.0,0.0,0.0,0.0,0.0,0.0,Emery,7.5,Spring Canyon,2A
SC10,SC10_20240119,SC10_20240118,2024-01-19,2024-01-18,14,15,2024-01-18 08:26:04,2024-01-19 08:26:04,24.0,0.9856853430229319,1.0,0.9993055555555556,0.9583333333333334,0.0,0.0,0.0,0.0,2024-01-19 06:56:04,5.0,4.0,4.333333333333333,2024-01-18 08:26:04,19.0,8.0,12.186206896551724,9.0,18.0,30.5,0.40840861709520504,4.3,1057.0,349.29999999999995,17.616666666666667,181,0.8859565238934759,0.0,14.0,96,-5.0,-2.23606797749979,-25.0,-4.0,-2.0,-16.0,-4.333333333333333,-2.0816659994661326,-18.777777777777775,Emery,7.5,Spring Canyon,2A
SC10,SC10_20240122,SC10_20240121,2024-01-22,2024-01-21,17,18,2024-01-21 06:56:04,2024-01-22 06:56:04,24.0,0.9856853430229319,1.0,0.9993055555555556,0.9583333333333334,4.0,3.0,3.3333333333333335,0.0,2024-01-22 12:56:04,0.0,0.0,0.0,2024-01-21 06:56:04,23.0,12.0,15.089655172413794,13.0,22.5,89.0,1.7010423905489924,7.2,4050.8999999999996,3486.3,67.515,1146,1.191107164213566,2.0,0.0,99,4.0,2.0,16.0,3.0,1.7320508075688772,9.0,3.3333333333333335,1.8257418583505538,11.111111111111112,Emery,7.5,Spring Canyon,2A
SC10,SC10_20240123,SC10_20240122,2024-01-23,2024-01-22,18,19,2024-01-22 12:56:04,2024-01-23 12:56:04,24.0,0.9856853430229319,1.0,0.9993055555555556,0.9583333333333334,357.0,245.95,282.6666666666667,265.0,2024-01-23 16:26:04,4.0,3.0,3.3333333333333335,2024-01-22 12:56:04,19.0,11.0,12.820689655172414,14.0,10.0,20.0,1.2259902710215427,3.4,2404.0,662.6,40.06666666666667,432,0.4983467619428199,1.5,71.0,100,353.0,18.788294228055936,124609.0,242.95,15.58685343486619,59024.70249999999,279.33333333333337,16.713268182295568,78027.11111111114,Emery,7.5,Spring Canyon,2A
SC10,SC10_20240124,SC10_20240123,2024-01-24,2024-01-23,19,20,2024-01-23 16:26:04,2024-01-24 16:26:04,24.0,0.9854569636489042,1.0,0.9986111111111111,0.9583333333333334,309.0,299.9,302.3333333333333,0.0,2024-01-24 16:26:04,357.0,245.95,282.6666666666667,2024-01-23 16:26:04,14.0,11.0,12.03448275862069,14.0,0.0,0.0,0.5177329624478443,3.8,1075.8,345.9,17.93,180,0.8597186551088797,0.0,12.0,101,-48.0,-6.928203230275509,-2304.0,53.94999999999999,7.345066371381541,2910.6024999999986,19.66666666666663,4.434711565216686,386.7777777777763,Emery,7.5,Spring Canyon,2A
SC10,SC10_20240125,SC10_20240124,2024-01-25,2024-01-24,20,21,2024-01-24 16:26:04,2024-01-25 16:26:04,24.0,0.9856853430229319,1.0,0.9993055555555556,0.9583333333333334,270.0,266.7,260.0,406.0,2024-01-25 09:56:04,309.0,299.9,302.3333333333333,2024-01-24 16:26:04,20.0,11.0,13.372413793103448,14.0,15.0,44.0,0.49291174426685197,3.2,991.3000000000001,444.59999999999997,16.52166666666667,271,0.9447174330396574,0.0,406.0,102,-39.0,-6.244997998398398,-1521.0,-33.19999999999999,-5.761944116355172,-1102.2399999999993,-42.333333333333314,-6.50640709864771,-1792.1111111111095,Emery,7.5,Spring Canyon,2A
SC10,SC10_20240126,SC10_20240125,2024-01-26,2024-01-25,21,22,2024-01-25 09:56:04,2024-01-26 09:56:04,24.0,0.9856853430229319,1.0,0.9993055555555556,0.9583333333333334,137.0,96.9,109.66666666666667,178.0,2024-01-26 09:26:04,270.0,266.7,260.0,2024-01-25 09:56:04,20.0,6.0,11.793103448275861,13.0,17.0,46.0,0.5462126476719944,3.2,1139.6000000000001,463.4,18.993333333333336,285,0.9216174067258232,0.0,451.0,103,-133.0,-11.532562594670797,-17689.0,-169.79999999999998,-13.030732903409538,-28832.039999999994,-150.33333333333331,-12.261049438499679,-22600.111111111106,Emery,7.5,Spring Canyon,2A
SC10,SC10_20240127,SC10_20240126,2024-01-27,2024-01-26,22,23,2024-01-26 09:26:04,2024-01-27 09:26:04,24.0,0.9854569636489042,1.0,0.9986111111111111,0.9583333333333334,0.0,0.0,0.0,0.0,2024-01-27 06:56:04,137.0,96.9,109.66666666666667,2024-01-26 09:26:04,24.0,9.0,14.875862068965517,15.0,28.0,131.5,0.18970792767732964,2.4,440.19999999999993,16.400000000000002,7.336666666666665,13,0.5404746409017595,0.0,142.0,104,-137.0,-11.704699910719626,-18769.0,-96.9,-9.843779761859771,-9389.61,-109.66666666666667,-10.472185381603339,-12026.77777777778,Emery,7.5,Spring Canyon,2A
SC10,SC10_20240128,SC10_20240127,2024-01-28,2024-01-27,23,24,2024-01-27 06:56:04,2024-01-28 06:56:04,24.0,0.6268832088288964,1.0,0.26875,0.9166666666666666,8.0,6.699999999999996,6.333333333333333,0.0,2024-01-28 17:50:01,0.0,0.0,0.0,2024-01-27 06:56:04,28.0,9.0,15.80281690140845,9.0,34.0,148.5,0.20310077519379843,1.6,111.9,0.0,1.865,0,0.4678094099668159,0.0,0.0,105,8.0,2.8284271247461903,64.0,6.699999999999996,2.588435821108956,44.889999999999944,6.333333333333333,2.516611478423583,40.11111111111111,Emery,7.5,Spring Canyon,2A
SC10,SC10_20240129,SC10_20240128,2024-01-29,2024-01-28,24,25,2024-01-28 17:50:01,2024-01-29 17:50:01,24.0,0.34179716080852895,1.0,0.041666666666666664,0.9583333333333334,23.0,14.699999999999996,15.666666666666666,15.0,2024-01-29 14:50:01,8.0,6.699999999999996,6.333333333333333,2024-01-28 17:50:01,29.0,11.0,17.151724137931033,16.0,51.0,208.5,0.0,0.0,0.0,0.0,0.0,0,0.0,0.0,15.0,106,15.0,3.872983346207417,225.0,8.0,2.8284271247461903,64.0,9.333333333333332,3.055050463303893,87.11111111111109,Emery,7.5,Spring Canyon,2A
SC10,SC10_20240130,SC10_20240129,2024-01-30,2024-01-29,25,26,2024-01-29 14:50:01,2024-01-30 14:50:01,24.0,0.0,1.0,0.0,0.9583333333333334,10.0,9.0,9.333333333333334,23.0,2024-01-30 16:20:01,23.0,14.699999999999996,15.666666666666666,2024-01-29 14:50:01,25.0,7.0,13.586206896551724,25.0,26.0,95.5,,,,,,0,,,23.0,107,-13.0,-3.605551275463989,-169.0,-5.699999999999996,-2.3874672772626635,-32.48999999999995,-6.333333333333332,-2.516611478423583,-40.11111111111109,Emery,7.5,Spring Canyon,2A
SC10,SC10_20240131,SC10_20240130,2024-01-31,2024-01-30,26,27,2024-01-30 16:20:01,2024-01-31 16:20:01,24.0,0.0,1.0,0.0,0.9583333333333334,9.0,7.949999999999999,8.0,0.0,2024-01-31 09:50:01,10.0,9.0,9.333333333333334,2024-01-30 16:20:01,18.0,8.0,12.006896551724138,13.0,13.0,12.0,,,,,,0,,,0.0,108,-1.0,-1.0,-1.0,-1.0500000000000007,-1.0246950765959602,-1.1025000000000016,-1.333333333333334,-1.1547005383792517,-1.7777777777777795,Emery,7.5,Spring Canyon,2A
SC12,SC12_20240129,SC12_20240128,2024-01-29,2024-01-28,2,3,2024-01-28 07:30:00,2024-01-29 07:30:00,24.0,0.9714127805419094,1.0,1.0,0.9166666666666666,159.0,70.04999999999997,88.0,140.0,2024-01-29 17:00:01,37.0,27.749999999999996,29.333333333333332,2024-01-28 07:30:00,29.0,12.0,17.57638888888889,15.0,56.5,217.5,0.8984027777777778,3.0,1748.1000000000001,512.3999999999999,29.135,309,0.7578954060360958,1.0,49.0,106,122.0,11.045361017187261,14884.0,42.29999999999997,6.503845016603638,1789.2899999999975,58.66666666666667,7.659416862050705,3441.7777777777783,Vincent,12.6,Spring Canyon,4A
SC12,SC12_20240130,SC12_20240129,2024-01-30,2024-01-29,3,4,2024-01-29 17:00:01,2024-01-30 17:00:01,24.0,0.9856853430229319,1.0,0.9993055555555556,0.9583333333333334,143.0,138.7,138.33333333333334,584.0,2024-01-30 10:30:01,159.0,70.04999999999997,88.0,2024-01-29 17:00:01,19.0,8.0,12.517241379310345,16.0,18.5,19.5,0.8550382209867965,3.4,1608.4,165.99999999999997,26.80666666666667,123,0.6267995643016756,1.0,599.0,107,-16.0,-4.0,-256.0,68.65000000000002,8.285529554590944,4712.822500000003,50.33333333333334,7.0945988845975885,2533.4444444444453,Vincent,12.6,Spring Canyon,4A
SC12,SC12_20240131,SC12_20240130,2024-01-31,2024-01-30,4,5,2024-01-30 10:30:01,2024-01-31 10:30:01,24.0,0.9856853430229319,1.0,0.9993055555555556,0.9583333333333334,149.0,129.09999999999994,112.33333333333333,18.0,2024-01-31 09:30:01,143.0,138.7,138.33333333333334,2024-01-30 10:30:01,19.0,8.0,12.104166666666666,14.0,12.5,19.0,0.6785962473940236,4.1,1385.7,217.49999999999997,23.095000000000002,154,0.7398435108480289,0.0,206.0,108,6.0,2.449489742783178,36.0,-9.600000000000051,-3.0983866769659416,-92.16000000000098,-26.000000000000014,-5.099019513592786,-676.0000000000008,Vincent,12.6,Spring Canyon,4A
SC12,SC12_20240201,SC12_20240131,2024-02-01,2024-01-31,5,6,2024-01-31 09:30:01,2024-02-01 09:30:01,24.0,0.9854569636489042,1.0,0.9986111111111111,0.9583333333333334,29.0,26.0,27.0,68.0,2024-02-01 15:30:01,149.0,129.09999999999994,112.33333333333333,2024-01-31 09:30:01,16.0,10.0,12.793103448275861,13.0,9.0,1.0,2.1639082058414463,12.8,4987.200000000001,4511.3,83.12000000000002,964,2.593217060874786,3.0,19.0,109,-120.0,-10.954451150103322,-14400.0,-103.09999999999994,-10.153817016275207,-10629.609999999988,-85.33333333333333,-9.237604307034012,-7281.777777777777,Vincent,12.6,Spring Canyon,4A
SC12,SC12_20240202,SC12_20240201,2024-02-02,2024-02-01,6,7,2024-02-01 15:30:01,2024-02-02 15:30:01,24.0,0.9856853430229319,1.0,0.9993055555555556,0.9583333333333334,35.0,32.64999999999999,31.333333333333332,202.0,2024-02-02 08:00:01,29.0,26.0,27.0,2024-02-01 15:30:01,16.0,6.0,10.517241379310345,15.0,3.0,0.5,1.0575399583043779,5.5,2015.6,1263.2999999999997,33.593333333333334,514,1.0894612444918037,0.0,200.0,110,6.0,2.449489742783178,36.0,6.6499999999999915,2.578759391645524,44.22249999999989,4.333333333333332,2.0816659994661326,18.777777777777768,Vincent,12.6,Spring Canyon,4A
SC12,SC12_20240203,SC12_20240202,2024-02-03,2024-02-02,7,8,2024-02-02 08:00:01,2024-02-03 08:00:01,24.0,0.9856853430229319,1.0,0.9993055555555556,0.9583333333333334,26.0,25.599999999999994,23.333333333333332,22.0,2024-02-03 11:30:01,35.0,32.64999999999999,31.333333333333332,2024-02-02 08:00:01,16.0,5.0,9.758620689655173,8.0,1.5,0.5,1.037109103544128,4.1,1992.8000000000002,964.9,33.21333333333334,411,0.9161697429124323,1.0,205.0,111,-9.0,-3.0,-81.0,-7.049999999999997,-2.6551836094703503,-49.70249999999996,-8.0,-2.8284271247461903,-64.0,Vincent,12.6,Spring Canyon,4A
SC4,SC4_20231205,SC4_20231204,2023-12-05,2023-12-04,2,3,2023-12-04 09:30:01,2023-12-05 09:30:01,24.0,0.9711878644003805,1.0,0.9993055555555556,0.9166666666666666,193.0,187.0,188.33333333333334,104.0,2023-12-05 07:00:01,569.0,497.0,465.0,2023-12-04 09:30:01,24.0,10.0,16.282758620689656,19.0,43.5,162.0,0.4423905489923558,2.6,906.0,93.60000000000001,15.1,87,0.7250815858455323,0.0,377.0,51,-376.0,-19.390719429665317,-141376.0,-310.0,-17.60681686165901,-96100.0,-276.66666666666663,-16.633299933166196,-76544.44444444442,Kevin,6.3,Spring Canyon,2A
SC4,SC4_20231206,SC4_20231205,2023-12-06,2023-12-05,3,4,2023-12-05 07:00:01,2023-12-06 07:00:01,24.0,0.9854569636489042,1.0,0.9986111111111111,0.9583333333333334,6.0,4.849999999999998,4.333333333333333,0.0,2023-12-06 15:30:01,193.0,187.0,188.33333333333334,2023-12-05 07:00:01,30.0,9.0,15.875862068965517,13.0,26.5,255.0,0.16780250347705147,2.6,377.3,19.200000000000003,6.288333333333333,18,0.4858002216912931,0.0,104.0,52,-187.0,-13.674794331177344,-34969.0,-182.15,-13.49629578810423,-33178.622500000005,-184.0,-13.564659966250536,-33856.0,Kevin,6.3,Spring Canyon,2A
SC4,SC4_20231207,SC4_20231206,2023-12-07,2023-12-06,4,5,2023-12-06 15:30:01,2023-12-07 15:30:01,24.0,0.9854569636489042,1.0,0.9986111111111111,0.9583333333333334,184.0,169.9,174.0,80.0,2023-12-07 16:00:01,6.0,4.849999999999998,4.333333333333333,2023-12-06 15:30:01,20.0,9.0,13.482758620689655,18.0,22.5,66.5,0.8767037552155772,4.3,1793.2,1138.0,29.886666666666667,482,1.1765104571804899,0.0,80.0,53,178.0,13.341664064126334,31684.0,165.05,12.847178678604887,27241.502500000002,169.66666666666666,13.025615788386615,28786.777777777774,Kevin,6.3,Spring Canyon,2A
SC4,SC4_20231208,SC4_20231207,2023-12-08,2023-12-07,5,6,2023-12-07 16:00:01,2023-12-08 16:00:01,24.0,0.9711878644003805,1.0,0.9993055555555556,0.9166666666666666,337.0,268.0,290.3333333333333,547.0,2023-12-08 15:00:01,184.0,169.9,174.0,2023-12-07 16:00:01,20.0,9.0,12.862068965517242,14.0,20.0,49.5,1.5328005559416262,4.1,3104.4000000000005,2023.8000000000002,51.74000000000001,948,0.6155609362698689,2.0,547.0,54,153.0,12.36931687685298,23409.0,98.1,9.904544411531507,9623.609999999999,116.33333333333331,10.785793124908956,13533.44444444444,Kevin,6.3,Spring Canyon,2A
SC4,SC4_20231209,SC4_20231208,2023-12-09,2023-12-08,6,7,2023-12-08 15:00:01,2023-12-09 15:00:01,24.0,0.970962844034495,1.0,0.9986111111111111,0.9166666666666666,257.0,248.0,244.66666666666666,199.0,2023-12-09 07:30:01,337.0,268.0,290.3333333333333,2023-12-08 15:00:01,26.0,4.0,12.4,19.0,21.5,143.5,0.5794158553546592,3.8,1228.5,372.1,20.475,206,0.8642550899030697,0.0,201.0,55,-80.0,-8.94427190999916,-6400.0,-20.0,-4.47213595499958,-400.0,-45.66666666666666,-6.757711644237763,-2085.4444444444434,Kevin,6.3,Spring Canyon,2A
SC4,SC4_20231210,SC4_20231209,2023-12-10,2023-12-09,7,8,2023-12-09 07:30:01,2023-12-10 07:30:01,24.0,0.9711878644003805,1.0,0.9993055555555556,0.9166666666666666,28.0,19.0,21.666666666666668,19.0,2023-12-10 15:00:01,257.0,248.0,244.66666666666666,2023-12-09 07:30:01,26.0,6.0,12.26896551724138,8.0,23.0,152.0,0.12133425990271021,2.0,270.5,0.0,4.508333333333334,1,0.40299816508622144,0.0,199.0,56,-229.0,-15.132745950421556,-52441.0,-229.0,-15.132745950421556,-52441.0,-223.0,-14.933184523068078,-49729.0,Kevin,6.3,Spring Canyon,2A
SC4,SC4_20231211,SC4_20231210,2023-12-11,2023-12-10,8,9,2023-12-10 15:00:01,2023-12-11 15:00:01,24.0,0.9711878644003805,1.0,0.9993055555555556,0.9166666666666666,37.0,27.0,26.333333333333332,16.0,2023-12-11 17:00:01,28.0,19.0,21.666666666666668,2023-12-10 15:00:01,23.0,7.0,14.151724137931035,20.0,23.0,122.5,0.32870048644892286,2.6,755.8000000000001,36.8,12.596666666666668,44,0.644056112845746,0.0,16.0,57,9.0,3.0,81.0,8.0,2.8284271247461903,64.0,4.666666666666664,2.160246899469286,21.777777777777757,Kevin,6.3,Spring Canyon,2A
SC4,SC4_20231212,SC4_20231211,2023-12-12,2023-12-11,9,10,2023-12-11 17:00:01,2023-12-12 17:00:01,24.0,0.970962844034495,1.0,0.9986111111111111,0.9166666666666666,54.0,45.0,48.0,82.0,2023-12-12 08:30:01,37.0,27.0,26.333333333333332,2023-12-11 17:00:01,23.0,5.0,12.26206896551724,13.0,22.0,120.0,0.34951321279554937,2.8,757.5,74.6,12.625,60,0.6577831372102616,0.0,82.0,58,17.0,4.123105625617661,289.0,18.0,4.242640687119285,324.0,21.666666666666668,4.654746681256314,469.4444444444445,Kevin,6.3,Spring Canyon,2A
SC4,SC4_20231213,SC4_20231212,2023-12-13,2023-12-12,10,11,2023-12-12 08:30:01,2023-12-13 08:30:01,24.0,0.970962844034495,1.0,0.9986111111111111,0.9166666666666666,18.0,16.0,16.666666666666668,9.0,2023-12-13 15:00:01,54.0,45.0,48.0,2023-12-12 08:30:01,23.0,4.0,11.372413793103448,8.0,22.0,120.0,0.24457579972183582,2.8,524.5,74.6,8.741666666666667,60,0.6733842771324302,0.0,84.0,59,-36.0,-6.0,-1296.0,-29.0,-5.385164807134504,-841.0,-31.333333333333332,-5.597618541248888,-981.7777777777777,Kevin,6.3,Spring Canyon,2A
SC4,SC4_20231214,SC4_20231213,2023-12-14,2023-12-13,11,12,2023-12-13 15:00:01,2023-12-14 15:00:01,24.0,0.970962844034495,1.0,0.9986111111111111,0.9166666666666666,5.0,5.0,4.333333333333333,2.0,2023-12-14 07:00:01,18.0,16.0,16.666666666666668,2023-12-13 15:00:01,28.0,6.0,12.744827586206897,19.0,22.0,176.0,0.3575799721835883,4.1,785.5,113.10000000000001,13.091666666666667,69,0.6316929577942513,0.0,2.0,60,-13.0,-3.605551275463989,-169.0,-11.0,-3.3166247903554,-121.0,-12.333333333333336,-3.5118845842842465,-152.11111111111117,Kevin,6.3,Spring Canyon,2A
SC4,SC4_20231215,SC4_20231214,2023-12-15,2023-12-14,12,13,2023-12-14 07:00:01,2023-12-15 07:00:01,24.0,0.970962844034495,1.0,0.9986111111111111,0.9166666666666666,0.0,0.0,0.0,0.0,2023-12-15 07:00:01,5.0,5.0,4.333333333333333,2023-12-14 07:00:01,28.0,6.0,13.703448275862069,7.0,24.5,198.5,0.29596662030598053,4.1,706.0000000000001,152.29999999999993,11.76666666666667,113,0.7224804927431061,0.0,2.0,61,-5.0,-2.23606797749979,-25.0,-5.0,-2.23606797749979,-25.0,-4.333333333333333,-2.0816659994661326,-18.777777777777775,Kevin,6.3,Spring Canyon,2A
SC4,SC4_20231216,SC4_20231215,2023-12-16,2023-12-15,13,14,2023-12-15 07:00:01,2023-12-16 07:00:01,24.0,0.9564655913861946,1.0,1.0,0.875,150.0,129.0,127.66666666666667,2.0,2023-12-16 16:20:01,0.0,0.0,0.0,2023-12-15 07:00:01,32.0,7.0,15.307692307692308,8.0,28.0,237.0,0.40097222222222223,4.1,981.2,180.99999999999997,16.353333333333335,100,0.7323466628740853,0.0,0.0,62,150.0,12.24744871391589,22500.0,129.0,11.357816691600547,16641.0,127.66666666666667,11.298967504452195,16298.77777777778,Kevin,6.3,Spring Canyon,2A
SC4,SC4_20231217,SC4_20231216,2023-12-17,2023-12-16,14,15,2023-12-16 16:20:01,2023-12-17 16:20:01,24.0,0.9711878644003805,1.0,0.9993055555555556,0.9166666666666666,135.0,135.0,132.0,48.0,2023-12-17 07:50:01,150.0,129.0,127.66666666666667,2023-12-16 16:20:01,30.0,10.0,16.317241379310346,17.0,36.5,173.5,0.1708825573314802,3.4,395.9,25.4,6.598333333333333,15,0.5097582901801724,0.0,48.0,63,-15.0,-3.872983346207417,-225.0,6.0,2.449489742783178,36.0,4.333333333333329,2.0816659994661317,18.777777777777736,Kevin,6.3,Spring Canyon,2A
SC4,SC4_20231218,SC4_20231217,2023-12-18,2023-12-17,15,16,2023-12-17 07:50:01,2023-12-18 07:50:01,24.0,0.9562441360433899,1.0,0.9993055555555556,0.875,8.0,7.050000000000001,7.333333333333333,0.0,2023-12-18 07:50:01,135.0,135.0,132.0,2023-12-17 07:50:01,30.0,13.0,18.958620689655174,14.0,68.5,292.0,0.4124391938846421,3.8,1004.5999999999999,139.39999999999998,16.743333333333332,80,0.721768099280534,0.0,48.0,64,-127.0,-11.269427669584644,-16129.0,-127.95,-11.31149857445953,-16371.202500000001,-124.66666666666667,-11.16542281629615,-15541.77777777778,Kevin,6.3,Spring Canyon,2A
SC4,SC4_20231219,SC4_20231218,2023-12-19,2023-12-18,16,17,2023-12-18 07:50:01,2023-12-19 07:50:01,24.0,0.970962844034495,1.0,0.9986111111111111,0.9166666666666666,0.0,0.0,0.0,0.0,2023-12-19 06:50:01,8.0,7.050000000000001,7.333333333333333,2023-12-18 07:50:01,23.0,13.0,15.489655172413793,17.0,36.5,73.5,1.1812934631432546,7.4,2905.7000000000003,1585.1,48.428333333333335,765,0.7697917844879754,2.0,0.0,65,-8.0,-2.8284271247461903,-64.0,-7.050000000000001,-2.6551836094703507,-49.70250000000001,-7.333333333333333,-2.70801280154532,-53.77777777777777,Kevin,6.3,Spring Canyon,2A
SC4,SC4_20231221,SC4_20231220,2023-12-21,2023-12-20,18,19,2023-12-20 07:20:01,2023-12-21 07:20:01,24.0,0.9560225780799353,1.0,0.9986111111111111,0.875,4.0,3.0,3.0,3.0,2023-12-21 13:50:01,0.0,0.0,0.0,2023-12-20 07:20:01,14.0,11.0,12.144827586206896,13.0,0.0,0.0,0.7037552155771906,5.7,1872.4,1025.1999999999998,31.206666666666667,438,1.1376255477015007,0.0,0.0,67,4.0,2.0,16.0,3.0,1.7320508075688772,9.0,3.0,1.7320508075688772,9.0,Kevin,6.3,Spring Canyon,2A
SC4,SC4_20231222,SC4_20231221,2023-12-22,2023-12-21,19,20,2023-12-21 13:50:01,2023-12-22 13:50:01,24.0,0.970962844034495,1.0,0.9986111111111111,0.9166666666666666,131.0,130.0,126.66666666666667,80.0,2023-12-22 16:20:01,4.0,3.0,3.0,2023-12-21 13:50:01,23.0,11.0,14.524137931034483,17.0,27.5,94.0,0.5143254520166898,6.2,1313.6000000000001,573.9,21.893333333333334,236,1.075111709617937,0.0,16.0,68,127.0,11.269427669584644,16129.0,127.0,11.269427669584644,16129.0,123.66666666666667,11.120551545074852,15293.444444444445,Kevin,6.3,Spring Canyon,2A
SC4,SC4_20231223,SC4_20231222,2023-12-23,2023-12-22,20,21,2023-12-22 16:20:01,2023-12-23 16:20:01,24.0,0.9711878644003805,1.0,0.9993055555555556,0.9166666666666666,208.0,107.30000000000007,137.0,0.0,2023-12-23 10:20:01,131.0,130.0,126.66666666666667,2023-12-22 16:20:01,16.0,12.0,12.882758620689655,16.0,3.5,1.0,1.21681723419041,3.2,2344.2000000000003,899.5999999999999,39.07000000000001,539,0.6964372855413816,2.0,0.0,69,77.0,8.774964387392123,5929.0,-22.699999999999932,-4.764451699828631,-515.2899999999969,10.333333333333329,3.2145502536643176,106.77777777777769,Kevin,6.3,Spring Canyon,2A
SC4,SC4_20231224,SC4_20231223,2023-12-24,2023-12-23,21,22,2023-12-23 10:20:01,2023-12-24 10:20:01,24.0,0.9711878644003805,1.0,0.9993055555555556,0.9166666666666666,322.0,263.0,249.66666666666666,48.0,2023-12-24 16:20:01,208.0,107.30000000000007,137.0,2023-12-23 10:20:01,19.0,7.0,11.220689655172414,15.0,4.0,9.5,0.484503127171647,3.2,918.4,558.8,15.306666666666667,259,0.9644075648453175,0.0,24.0,70,114.0,10.677078252031311,12996.0,155.69999999999993,12.47798060585125,24242.48999999998,112.66666666666666,10.614455552060438,12693.777777777776,Kevin,6.3,Spring Canyon,2A
SC4,SC4_20231225,SC4_20231224,2023-12-25,2023-12-24,22,23,2023-12-24 16:20:01,2023-12-25 16:20:01,24.0,0.9562441360433899,1.0,0.9993055555555556,0.875,234.0,234.0,234.0,40.0,2023-12-25 07:20:01,322.0,263.0,249.66666666666666,2023-12-24 16:20:01,21.0,6.0,11.717241379310344,14.0,18.5,67.5,0.3660875608061153,2.8,752.7,48.80000000000001,12.545,48,0.7050552724106435,0.0,40.0,71,-88.0,-9.38083151964686,-7744.0,-29.0,-5.385164807134504,-841.0,-15.666666666666657,-3.9581140290126378,-245.44444444444414,Kevin,6.3,Spring Canyon,2A
SC4,SC4_20231226,SC4_20231225,2023-12-26,2023-12-25,23,24,2023-12-25 07:20:01,2023-12-26 07:20:01,24.0,0.9560225780799353,1.0,0.9986111111111111,0.875,166.0,157.45000000000002,150.66666666666666,61.0,2023-12-26 07:20:01,234.0,234.0,234.0,2023-12-25 07:20:01,21.0,6.0,12.317241379310344,6.0,18.5,67.5,0.4832406119610571,2.8,977.6,97.80000000000001,16.293333333333333,80,0.7435246608722794,0.0,40.0,72,-68.0,-8.246211251235321,-4624.0,-76.54999999999998,-8.749285685128815,-5859.902499999997,-83.33333333333334,-9.128709291752768,-6944.444444444446,Kevin,6.3,Spring Canyon,2A
SC4,SC4_20231227,SC4_20231226,2023-12-27,2023-12-26,24,25,2023-12-26 07:20:01,2023-12-27 07:20:01,24.0,0.9562441360433899,1.0,0.9993055555555556,0.875,118.0,118.0,118.0,47.0,2023-12-27 07:20:00,166.0,157.45000000000002,150.66666666666666,2023-12-26 07:20:01,18.0,7.0,11.593103448275862,7.0,9.5,8.0,0.2542738012508686,2.0,545.8000000000001,0.0,9.096666666666668,2,0.5066202041885157,0.0,61.0,73,-48.0,-6.928203230275509,-2304.0,-39.45000000000002,-6.280923498976883,-1556.3025000000014,-32.66666666666666,-5.715476066494081,-1067.1111111111104,Kevin,6.3,Spring Canyon,2A
SC4,SC4_20231228,SC4_20231227,2023-12-28,2023-12-27,25,26,2023-12-27 07:20:00,2023-12-28 07:20:00,24.0,0.9562441360433899,1.0,0.9993055555555556,0.875,6.0,3.150000000000002,3.6666666666666665,3.0,2023-12-28 13:50:01,118.0,118.0,118.0,2023-12-27 07:20:00,22.0,9.0,12.277777777777779,11.0,18.5,52.5,0.1695621959694232,2.8,437.79999999999995,22.0,7.296666666666666,11,0.5110218714547222,0.0,47.0,74,-112.0,-10.583005244258363,-12544.0,-114.85,-10.716809226630843,-13190.5225,-114.33333333333333,-10.692676621563626,-13072.11111111111,Kevin,6.3,Spring Canyon,2A
SC4,SC4_20231229,SC4_20231228,2023-12-29,2023-12-28,26,27,2023-12-28 13:50:01,2023-12-29 13:50:01,24.0,0.9560225780799353,1.0,0.9986111111111111,0.875,1.0,1.0,1.0,0.0,2023-12-29 07:20:01,6.0,3.150000000000002,3.6666666666666665,2023-12-28 13:50:01,24.0,12.0,13.8,22.0,12.0,47.5,0.19116828929068153,3.8,516.3000000000001,96.4,8.605,54,0.628081810811396,0.0,1.0,75,-5.0,-2.23606797749979,-25.0,-2.150000000000002,-1.4662878298615187,-4.622500000000009,-2.6666666666666665,-1.632993161855452,-7.111111111111111,Kevin,6.3,Spring Canyon,2A
SC4,SC4_20231230,SC4_20231229,2023-12-30,2023-12-29,27,28,2023-12-29 07:20:01,2023-12-30 07:20:01,24.0,0.970962844034495,1.0,0.9986111111111111,0.9166666666666666,88.0,85.15,84.66666666666667,12.0,2023-12-30 15:50:01,1.0,1.0,1.0,2023-12-29 07:20:01,17.0,10.0,13.055172413793104,12.0,11.0,9.5,0.6481223922114048,5.1,1646.4,497.19999999999993,27.44,301,0.9085451988085318,0.0,0.0,76,87.0,9.327379053088816,7569.0,84.15,9.173330910852394,7081.222500000001,83.66666666666667,9.146948489341495,7000.111111111112,Kevin,6.3,Spring Canyon,2A
SC4,SC4_20231231,SC4_20231230,2023-12-31,2023-12-30,28,29,2023-12-30 15:50:01,2023-12-31 15:50:01,24.0,0.9560225780799353,1.0,0.9986111111111111,0.875,141.0,141.0,140.33333333333334,2.0,2023-12-31 12:20:01,88.0,85.15,84.66666666666667,2023-12-30 15:50:01,18.0,10.0,12.206896551724139,14.0,5.5,6.0,0.589847009735744,4.1,1238.0,256.59999999999997,20.633333333333333,171,0.8321830286196372,0.0,2.0,77,53.0,7.280109889280518,2809.0,55.849999999999994,7.473285756613351,3119.2224999999994,55.66666666666667,7.461009761866464,3098.7777777777783,Kevin,6.3,Spring Canyon,2A
SC4,SC4_20240101,SC4_20231231,2024-01-01,2023-12-31,29,30,2023-12-31 12:20:01,2024-01-01 12:20:01,24.0,0.970962844034495,1.0,0.9986111111111111,0.9166666666666666,12.0,12.0,11.333333333333334,26.0,2024-01-01 13:20:01,141.0,141.0,140.33333333333334,2023-12-31 12:20:01,24.0,7.0,11.324137931034484,13.0,14.0,56.5,0.309874826147427,4.1,761.7,89.60000000000001,12.695,62,0.6944466391048841,0.0,6.0,78,-129.0,-11.357816691600547,-16641.0,-129.0,-11.357816691600547,-16641.0,-129.0,-11.357816691600547,-16641.0,Kevin,6.3,Spring Canyon,2A
SC4,SC4_20240102,SC4_20240101,2024-01-02,2024-01-01,30,31,2024-01-01 13:20:01,2024-01-02 13:20:01,24.0,0.9711878644003805,1.0,0.9993055555555556,0.9166666666666666,6.0,6.0,5.666666666666667,25.0,2024-01-02 07:20:01,12.0,12.0,11.333333333333334,2024-01-01 13:20:01,23.0,5.0,11.46896551724138,22.0,22.5,91.5,0.23578874218207088,2.4,494.4,6.8,8.24,16,0.6053872887139415,0.0,34.0,79,-6.0,-2.449489742783178,-36.0,-6.0,-2.449489742783178,-36.0,-5.666666666666667,-2.3804761428476167,-32.111111111111114,Kevin,6.3,Spring Canyon,2A
SC4,SC4_20240103,SC4_20240102,2024-01-03,2024-01-02,31,32,2024-01-02 07:20:01,2024-01-03 07:20:01,24.0,0.9711878644003805,1.0,0.9993055555555556,0.9166666666666666,120.0,111.0,114.0,39.0,2024-01-03 15:20:01,6.0,6.0,5.666666666666667,2024-01-02 07:20:01,21.0,5.0,13.048275862068966,5.0,21.0,74.0,1.0635163307852675,5.5,2114.3,1354.2,35.23833333333334,480,1.2011591419334435,0.0,25.0,80,114.0,10.677078252031311,12996.0,105.0,10.246950765959598,11025.0,108.33333333333333,10.408329997330663,11736.11111111111,Kevin,6.3,Spring Canyon,2A
SC4,SC4_20240104,SC4_20240103,2024-01-04,2024-01-03,32,33,2024-01-03 15:20:01,2024-01-04 15:20:01,24.0,0.9856853430229319,1.0,0.9993055555555556,0.9583333333333334,153.0,152.0,152.33333333333334,154.0,2024-01-04 09:20:01,120.0,111.0,114.0,2024-01-03 15:20:01,18.0,6.0,11.379310344827585,16.0,17.5,33.0,1.3838776928422514,5.1,2767.0,1923.8,46.11666666666667,699,1.0315394210653346,1.0,154.0,81,33.0,5.744562646538029,1089.0,41.0,6.4031242374328485,1681.0,38.33333333333334,6.191391873668904,1469.4444444444453,Kevin,6.3,Spring Canyon,2A
SC4,SC4_20240105,SC4_20240104,2024-01-05,2024-01-04,33,34,2024-01-04 09:20:01,2024-01-05 09:20:01,24.0,0.9711878644003805,1.0,0.9993055555555556,0.9166666666666666,127.0,118.6,116.66666666666667,87.0,2024-01-05 07:20:01,153.0,152.0,152.33333333333334,2024-01-04 09:20:01,18.0,6.0,11.013793103448275,11.0,18.0,34.0,0.9126476719944405,3.4,1816.5,731.5999999999999,30.275,353,0.7759504712947111,1.0,176.0,82,-26.0,-5.0990195135927845,-676.0,-33.400000000000006,-5.779273310719956,-1115.5600000000004,-35.66666666666667,-5.9721576223896395,-1272.1111111111115,Kevin,6.3,Spring Canyon,2A
SC6,SC6_20231217,SC6_20231216,2023-12-17,2023-12-16,2,3,2023-12-16 15:20:01,2023-12-17 15:20:01,24.0,0.970962844034495,1.0,0.9986111111111111,0.9166666666666666,120.0,118.0,115.66666666666667,36.0,2023-12-17 07:50:01,284.0,267.0,249.0,2023-12-16 15:20:01,25.0,11.0,16.0,18.0,50.0,113.5,0.6196801112656467,4.3,1164.6999999999998,27.2,19.411666666666665,19,0.5879370747467602,1.0,36.0,63,-164.0,-12.806248474865697,-26896.0,-149.0,-12.206555615733702,-22201.0,-133.33333333333331,-11.547005383792515,-17777.777777777774,Vincent,12.6,Spring Canyon,4A
SC6,SC6_20231218,SC6_20231217,2023-12-18,2023-12-17,3,4,2023-12-17 07:50:01,2023-12-18 07:50:01,24.0,0.9560225780799353,1.0,0.9986111111111111,0.875,77.0,65.60000000000001,62.666666666666664,3.0,2023-12-18 07:50:01,120.0,118.0,115.66666666666667,2023-12-17 07:50:01,25.0,14.0,18.83448275862069,14.0,70.0,280.5,0.7699582753824757,4.3,1526.9,169.99999999999997,25.448333333333334,141,0.6963239925441441,1.0,36.0,64,-43.0,-6.557438524302,-1849.0,-52.39999999999999,-7.238784428341543,-2745.7599999999993,-53.00000000000001,-7.280109889280519,-2809.000000000001,Vincent,12.6,Spring Canyon,4A
SC6,SC6_20231219,SC6_20231218,2023-12-19,2023-12-18,4,5,2023-12-18 07:50:01,2023-12-19 07:50:01,24.0,0.9562441360433899,1.0,0.9993055555555556,0.875,18.0,18.0,18.0,12.0,2023-12-19 09:20:01,77.0,65.60000000000001,62.666666666666664,2023-12-18 07:50:01,19.0,14.0,15.537931034482758,17.0,60.0,51.5,1.7296038915913827,5.7,3532.5,2852.4,58.875,1164,0.7704847079460589,2.0,3.0,65,-59.0,-7.681145747868608,-3481.0,-47.60000000000001,-6.899275324264137,-2265.7600000000007,-44.666666666666664,-6.683312551921141,-1995.1111111111109,Vincent,12.6,Spring Canyon,4A
SC6,SC6_20231220,SC6_20231219,2023-12-20,2023-12-19,5,6,2023-12-19 09:20:01,2023-12-20 09:20:01,24.0,0.9560225780799353,1.0,0.9986111111111111,0.875,17.0,17.0,17.0,0.0,2023-12-20 07:50:01,18.0,18.0,18.0,2023-12-19 09:20:01,16.0,14.0,14.50344827586207,15.0,28.0,8.5,1.3566759388038943,7.2,2857.9000000000005,1531.1000000000001,47.631666666666675,686,0.8504050271802575,2.0,0.0,66,-1.0,-1.0,-1.0,-1.0,-1.0,-1.0,-1.0,-1.0,-1.0,Vincent,12.6,Spring Canyon,4A
SC6,SC6_20231221,SC6_20231220,2023-12-21,2023-12-20,6,7,2023-12-20 07:50:01,2023-12-21 07:50:01,24.0,0.9560225780799353,1.0,0.9986111111111111,0.875,15.0,15.0,14.666666666666666,0.0,2023-12-21 08:50:01,17.0,17.0,17.0,2023-12-20 07:50:01,15.0,11.0,12.820689655172414,14.0,1.5,0.0,1.2221140472879,7.2,2596.2,1431.1,43.269999999999996,591,1.0920531859378784,2.0,0.0,67,-2.0,-1.4142135623730951,-4.0,-2.0,-1.4142135623730951,-4.0,-2.333333333333334,-1.5275252316519468,-5.444444444444447,Vincent,12.6,Spring Canyon,4A
SC6,SC6_20231222,SC6_20231221,2023-12-22,2023-12-21,7,8,2023-12-21 08:50:01,2023-12-22 08:50:01,24.0,0.9562441360433899,1.0,0.9993055555555556,0.875,135.0,65.65000000000005,83.0,52.0,2023-12-22 15:20:01,15.0,15.0,14.666666666666666,2023-12-21 08:50:01,17.0,12.0,13.779310344827586,13.0,24.5,15.5,1.0886031966643503,7.8,2244.6000000000004,1066.7,37.410000000000004,442,0.9428297447885271,1.0,0.0,68,120.0,10.954451150103322,14400.0,50.65000000000005,7.116881339463237,2565.4225000000047,68.33333333333333,8.266397845091497,4669.444444444443,Vincent,12.6,Spring Canyon,4A
SC6,SC6_20231223,SC6_20231222,2023-12-23,2023-12-22,8,9,2023-12-22 15:20:01,2023-12-23 15:20:01,24.0,0.9562441360433899,1.0,0.9993055555555556,0.875,56.0,48.400000000000006,50.666666666666664,0.0,2023-12-23 10:20:01,135.0,65.65000000000005,83.0,2023-12-22 15:20:01,16.0,12.0,13.393103448275863,16.0,6.5,4.0,1.1367616400277971,4.1,2269.9,1101.7,37.83166666666667,548,0.8697336983612831,2.0,32.0,69,-79.0,-8.888194417315589,-6241.0,-17.250000000000043,-4.153311931459043,-297.5625000000015,-32.333333333333336,-5.686240703077327,-1045.4444444444446,Vincent,12.6,Spring Canyon,4A
SC6,SC6_20231224,SC6_20231223,2023-12-24,2023-12-23,9,10,2023-12-23 10:20:01,2023-12-24 10:20:01,24.0,0.9711878644003805,1.0,0.9993055555555556,0.9166666666666666,75.0,73.0,72.66666666666667,120.0,2023-12-24 15:50:01,56.0,48.400000000000006,50.666666666666664,2023-12-23 10:20:01,14.0,8.0,11.627586206896552,14.0,0.0,0.0,0.7726893676164004,4.1,1466.0,642.2,24.433333333333334,278,0.9322357852197163,0.0,66.0,70,19.0,4.358898943540674,361.0,24.599999999999994,4.959838707054897,605.1599999999997,22.000000000000007,4.690415759823431,484.00000000000034,Vincent,12.6,Spring Canyon,4A
SC6,SC6_20231225,SC6_20231224,2023-12-25,2023-12-24,10,11,2023-12-24 15:50:01,2023-12-25 15:50:01,24.0,0.9711878644003805,1.0,0.9993055555555556,0.9166666666666666,84.0,77.35000000000001,77.66666666666667,122.0,2023-12-25 16:20:01,75.0,73.0,72.66666666666667,2023-12-24 15:50:01,17.0,7.0,11.317241379310344,14.0,6.0,2.0,0.7662960389159139,3.4,1522.3000000000002,223.19999999999993,25.37166666666667,153,0.6416078430888821,1.0,133.0,71,9.0,3.0,81.0,4.3500000000000085,2.085665361461423,18.922500000000074,5.0,2.23606797749979,25.0,Vincent,12.6,Spring Canyon,4A
SC6,SC6_20231226,SC6_20231225,2023-12-26,2023-12-25,11,12,2023-12-25 16:20:01,2023-12-26 16:20:01,24.0,0.9406001622003887,1.0,0.9986111111111111,0.8333333333333334,79.0,63.80000000000001,68.33333333333333,32.0,2023-12-26 10:20:01,84.0,77.35000000000001,77.66666666666667,2023-12-25 16:20:01,16.0,8.0,11.86896551724138,14.0,5.0,0.5,0.6974269819193324,3.2,1366.6,147.00000000000003,22.776666666666664,91,0.5672669624118782,1.0,32.0,72,-5.0,-2.23606797749979,-25.0,-13.549999999999997,-3.6810324638611918,-183.60249999999994,-9.333333333333343,-3.055050463303895,-87.11111111111128,Vincent,12.6,Spring Canyon,4A
SC6,SC6_20231227,SC6_20231226,2023-12-27,2023-12-26,12,13,2023-12-26 10:20:01,2023-12-27 10:20:01,24.0,0.9560225780799353,1.0,0.9986111111111111,0.875,108.0,94.70000000000002,94.0,73.0,2023-12-27 11:50:01,79.0,63.80000000000001,68.33333333333333,2023-12-26 10:20:01,16.0,9.0,12.006896551724138,13.0,5.0,0.5,0.28789986091794156,3.0,574.5,58.800000000000004,9.575,46,0.6144341611416478,0.0,7.0,73,29.0,5.385164807134504,841.0,30.900000000000006,5.558776843874919,954.8100000000004,25.66666666666667,5.066228051190222,658.777777777778,Vincent,12.6,Spring Canyon,4A
SC6,SC6_20231228,SC6_20231227,2023-12-28,2023-12-27,13,14,2023-12-27 11:50:01,2023-12-28 11:50:01,24.0,0.9562441360433899,1.0,0.9993055555555556,0.875,83.0,83.0,81.66666666666667,233.0,2023-12-28 15:20:01,108.0,94.70000000000002,94.0,2023-12-27 11:50:01,17.0,10.0,12.282758620689656,15.0,19.5,14.5,0.5699791521890201,2.4,1074.7,4.6,17.91166666666667,4,0.4414723699829349,1.0,193.0,74,-25.0,-5.0,-625.0,-11.700000000000017,-3.4205262752974166,-136.8900000000004,-12.333333333333329,-3.5118845842842457,-152.111111111111,Vincent,12.6,Spring Canyon,4A
SC6,SC6_20231229,SC6_20231228,2023-12-29,2023-12-28,14,15,2023-12-28 15:20:01,2023-12-29 15:20:01,24.0,0.9406001622003887,1.0,0.9986111111111111,0.8333333333333334,77.0,61.0,65.66666666666667,2.0,2023-12-29 07:50:01,83.0,83.0,81.66666666666667,2023-12-28 15:20:01,16.0,12.0,13.666666666666666,16.0,13.5,7.5,0.38470097357440886,3.7,815.4000000000001,232.29999999999995,13.590000000000002,131,0.775242158037921,0.0,52.0,75,-6.0,-2.449489742783178,-36.0,-22.0,-4.69041575982343,-484.0,-16.0,-4.0,-256.0,Vincent,12.6,Spring Canyon,4A
SC6,SC6_20231230,SC6_20231229,2023-12-30,2023-12-29,15,16,2023-12-29 07:50:01,2023-12-30 07:50:01,24.0,0.970962844034495,1.0,0.9986111111111111,0.9166666666666666,70.0,69.05,68.66666666666667,53.0,2023-12-30 14:20:01,77.0,61.0,65.66666666666667,2023-12-29 07:50:01,16.0,11.0,13.406896551724138,13.0,14.0,6.5,0.963490959666203,4.7,2031.2,1109.6999999999998,33.85333333333333,550,1.0236842759923421,2.0,2.0,76,-7.0,-2.6457513110645907,-49.0,8.049999999999997,2.837252191822221,64.80249999999995,3.0,1.7320508075688772,9.0,Vincent,12.6,Spring Canyon,4A
SC6,SC6_20231231,SC6_20231230,2023-12-31,2023-12-30,16,17,2023-12-30 14:20:01,2023-12-31 14:20:01,24.0,0.9560225780799353,1.0,0.9986111111111111,0.875,26.0,26.0,26.0,0.0,2023-12-31 10:20:01,70.0,69.05,68.66666666666667,2023-12-30 14:20:01,16.0,10.0,12.620689655172415,15.0,5.0,1.5,0.8285813630041725,4.1,1637.9,535.5999999999999,27.298333333333336,278,0.8670498849401516,1.0,4.0,77,-44.0,-6.6332495807108,-1936.0,-43.05,-6.5612498809297,-1853.3024999999998,-42.66666666666667,-6.531972647421808,-1820.4444444444448,Vincent,12.6,Spring Canyon,4A
SC6,SC6_20240101,SC6_20231231,2024-01-01,2023-12-31,17,18,2023-12-31 10:20:01,2024-01-01 10:20:01,24.0,0.9560225780799353,1.0,0.9986111111111111,0.875,165.0,164.0,127.33333333333333,237.0,2024-01-01 17:00:01,26.0,26.0,26.0,2023-12-31 10:20:01,16.0,8.0,11.0,13.0,5.0,2.0,0.7883171070931849,3.8,1536.6,223.0,25.61,118,0.6481703003947096,1.0,103.0,78,139.0,11.789826122551595,19321.0,138.0,11.74734012447073,19044.0,101.33333333333333,10.066445913694333,10268.444444444443,Vincent,12.6,Spring Canyon,4A
SC6,SC6_20240102,SC6_20240101,2024-01-02,2024-01-01,18,19,2024-01-01 17:00:01,2024-01-02 17:00:01,24.0,0.9560225780799353,1.0,0.9986111111111111,0.875,144.0,137.0,138.33333333333334,332.0,2024-01-02 07:20:01,165.0,164.0,127.33333333333333,2024-01-01 17:00:01,17.0,6.0,10.86013986013986,14.0,15.0,2.5,0.7985396383866481,2.6,1542.0,63.80000000000001,25.7,63,0.4458877614505414,1.0,331.0,79,-21.0,-4.58257569495584,-441.0,-27.0,-5.196152422706632,-729.0,11.000000000000014,3.316624790355402,121.00000000000031,Vincent,12.6,Spring Canyon,4A
SC6,SC6_20240103,SC6_20240102,2024-01-03,2024-01-02,19,20,2024-01-02 07:20:01,2024-01-03 07:20:01,24.0,0.970962844034495,1.0,0.9986111111111111,0.9166666666666666,79.0,79.0,77.66666666666667,408.0,2024-01-03 09:20:01,144.0,137.0,138.33333333333334,2024-01-02 07:20:01,17.0,6.0,12.448275862068966,7.0,15.0,2.5,1.2836578581363005,5.9,2494.0,1546.1,41.56666666666667,541,1.1934123716277194,1.0,332.0,80,-65.0,-8.06225774829855,-4225.0,-58.0,-7.615773105863909,-3364.0,-60.66666666666667,-7.788880963698615,-3680.444444444445,Vincent,12.6,Spring Canyon,4A
SC6,SC6_20240104,SC6_20240103,2024-01-04,2024-01-03,20,21,2024-01-03 09:20:01,2024-01-04 09:20:01,24.0,0.9711878644003805,1.0,0.9993055555555556,0.9166666666666666,41.0,34.0,36.333333333333336,224.0,2024-01-04 15:30:01,79.0,79.0,77.66666666666667,2024-01-03 09:20:01,15.0,7.0,11.027777777777779,11.0,1.0,0.0,1.456706045865184,5.3,2943.8999999999996,1812.9,49.06499999999999,612,1.0127325928118018,1.5,379.0,81,-38.0,-6.164414002968976,-1444.0,-45.0,-6.708203932499369,-2025.0,-41.333333333333336,-6.429100507328637,-1708.4444444444446,Vincent,12.6,Spring Canyon,4A
SC6,SC6_20240105,SC6_20240104,2024-01-05,2024-01-04,21,22,2024-01-04 15:30:01,2024-01-05 15:30:01,24.0,0.9244403182996531,1.0,0.9979166666666667,0.7916666666666666,31.0,31.0,30.666666666666668,149.0,2024-01-05 10:30:01,41.0,34.0,36.333333333333336,2024-01-04 15:30:01,17.0,7.0,10.861313868613138,13.0,7.5,2.0,1.0020876826722338,5.9,1996.8,300.5,33.28,167,0.6604334188213737,1.0,161.0,82,-10.0,-3.1622776601683795,-100.0,-3.0,-1.7320508075688772,-9.0,-5.666666666666668,-2.380476142847617,-32.11111111111112,Vincent,12.6,Spring Canyon,4A
SC8,SC8_20240107,SC8_20240106,2024-01-07,2024-01-06,2,3,2024-01-06 06:50:01,2024-01-07 06:50:01,24.0,0.9854569636489042,1.0,0.9986111111111111,0.9583333333333334,243.0,237.0,239.0,9.0,2024-01-07 06:50:01,264.0,252.95,256.3333333333333,2024-01-06 06:50:01,14.0,5.0,10.813793103448276,6.0,0.0,0.0,1.6061196105702364,8.7,3216.5999999999995,2271.1,53.60999999999999,684,1.4122455288946003,1.5,1.0,84,-21.0,-4.58257569495584,-441.0,-15.949999999999989,-3.99374510954317,-254.40249999999963,-17.333333333333314,-4.1633319989322635,-300.4444444444438,Skyler,16.5,Spring Canyon,4A
SC8,SC8_20240108,SC8_20240107,2024-01-08,2024-01-07,3,4,2024-01-07 06:50:01,2024-01-08 06:50:01,24.0,0.9856853430229319,1.0,0.9993055555555556,0.9583333333333334,242.0,242.0,242.0,32.0,2024-01-08 16:20:01,243.0,237.0,239.0,2024-01-07 06:50:01,15.0,4.0,8.662068965517241,6.0,1.0,0.0,1.348227936066713,5.1,2690.7,1157.9,44.845,552,0.6376520862183898,1.5,9.0,85,-1.0,-1.0,-1.0,5.0,2.23606797749979,25.0,3.0,1.7320508075688772,9.0,Skyler,16.5,Spring Canyon,4A
SC8,SC8_20240109,SC8_20240108,2024-01-09,2024-01-08,4,5,2024-01-08 16:20:01,2024-01-09 16:20:01,24.0,0.9856853430229319,1.0,0.9993055555555556,0.9583333333333334,255.0,254.95,254.66666666666666,26.0,2024-01-09 08:50:01,242.0,242.0,242.0,2024-01-08 16:20:01,17.0,7.0,10.020689655172413,12.0,5.0,1.5,1.1534398888116748,3.4,2278.6000000000004,468.2,37.976666666666674,338,0.5258322534650741,1.5,26.0,86,13.0,3.605551275463989,169.0,12.949999999999989,3.5986108430893147,167.7024999999997,12.666666666666657,3.5590260840104357,160.4444444444442,Skyler,16.5,Spring Canyon,4A
SC8,SC8_20240110,SC8_20240109,2024-01-10,2024-01-09,5,6,2024-01-09 08:50:01,2024-01-10 08:50:01,24.0,0.9856853430229319,1.0,0.9993055555555556,0.9583333333333334,253.0,252.0,252.33333333333334,9.0,2024-01-10 08:20:01,255.0,254.95,254.66666666666666,2024-01-09 08:50:01,17.0,7.0,11.179310344827586,9.0,5.0,1.5,1.128283530229326,4.9,2424.6000000000004,942.9999999999998,40.410000000000004,500,0.6742650487142697,1.5,26.0,87,-2.0,-1.4142135623730951,-4.0,-2.9499999999999886,-1.7175564037317634,-8.702499999999933,-2.3333333333333144,-1.5275252316519405,-5.444444444444356,Skyler,16.5,Spring Canyon,4A
SC8,SC8_20240111,SC8_20240110,2024-01-11,2024-01-10,6,7,2024-01-10 08:20:01,2024-01-11 08:20:01,24.0,0.9854569636489042,1.0,0.9986111111111111,0.9583333333333334,245.0,245.0,245.0,4.0,2024-01-11 06:50:01,253.0,252.0,252.33333333333334,2024-01-10 08:20:01,16.0,6.0,10.903448275862068,8.0,1.5,0.5,2.0879694019471486,8.4,4307.1,3611.3,71.78500000000001,1055,1.4313949018379417,2.0,9.0,88,-8.0,-2.8284271247461903,-64.0,-7.0,-2.6457513110645907,-49.0,-7.333333333333343,-2.7080128015453218,-53.777777777777914,Skyler,16.5,Spring Canyon,4A
SC8,SC8_20240112,SC8_20240111,2024-01-12,2024-01-11,7,8,2024-01-11 06:50:01,2024-01-12 06:50:01,24.0,0.9711878644003805,1.0,0.9993055555555556,0.9166666666666666,212.0,212.0,212.0,10.0,2024-01-12 15:30:01,245.0,245.0,245.0,2024-01-11 06:50:01,15.0,5.0,8.594405594405595,7.0,1.0,0.0,1.2126476719944406,4.1,2394.5000000000005,484.59999999999997,39.90833333333334,383,0.4618516159463039,2.0,4.0,89,-33.0,-5.744562646538029,-1089.0,-33.0,-5.744562646538029,-1089.0,-33.0,-5.744562646538029,-1089.0,Skyler,16.5,Spring Canyon,4A
SC8,SC8_20240113,SC8_20240112,2024-01-13,2024-01-12,8,9,2024-01-12 15:30:01,2024-01-13 15:30:01,24.0,0.9856853430229319,1.0,0.9993055555555556,0.9583333333333334,227.0,226.95,226.66666666666666,2.0,2024-01-13 07:30:01,212.0,212.0,212.0,2024-01-12 15:30:01,16.0,7.0,10.26896551724138,13.0,3.5,2.0,1.0012508686587909,4.3,2071.4000000000005,621.1999999999999,34.52333333333334,317,0.6803715332329531,1.5,2.0,90,15.0,3.872983346207417,225.0,14.949999999999989,3.8665229858362395,223.50249999999966,14.666666666666657,3.829708431025351,215.11111111111083,Skyler,16.5,Spring Canyon,4A
SC8,SC8_20240114,SC8_20240113,2024-01-14,2024-01-13,9,10,2024-01-13 07:30:01,2024-01-14 07:30:01,24.0,0.9856853430229319,1.0,0.9993055555555556,0.9583333333333334,214.0,213.95,213.66666666666666,0.0,2024-01-14 11:30:01,227.0,226.95,226.66666666666666,2024-01-13 07:30:01,16.0,7.0,11.16551724137931,7.0,3.5,2.0,0.7680333564975678,4.3,1608.1,547.9999999999999,26.801666666666666,251,0.8229406773940998,1.0,2.0,91,-13.0,-3.605551275463989,-169.0,-13.0,-3.605551275463989,-169.0,-13.0,-3.605551275463989,-169.0,Skyler,16.5,Spring Canyon,4A
SC8,SC8_20240115,SC8_20240114,2024-01-15,2024-01-14,10,11,2024-01-14 11:30:01,2024-01-15 11:30:01,24.0,0.9854569636489042,1.0,0.9986111111111111,0.9583333333333334,271.0,271.0,271.0,2.0,2024-01-15 16:00:01,214.0,213.95,213.66666666666666,2024-01-14 11:30:01,15.0,7.0,10.855172413793104,14.0,0.5,0.0,0.5113351877607788,2.4,1067.3999999999999,17.8,17.79,21,0.5597676464589648,1.0,0.0,92,57.0,7.54983443527075,3249.0,57.05000000000001,7.553145040312678,3254.7025000000012,57.33333333333334,7.571877794400366,3287.111111111112,Skyler,16.5,Spring Canyon,4A
SC8,SC8_20240116,SC8_20240115,2024-01-16,2024-01-15,11,12,2024-01-15 16:00:01,2024-01-16 16:00:01,24.0,0.9856853430229319,1.0,0.9993055555555556,0.9583333333333334,284.0,284.0,284.0,12.0,2024-01-16 16:30:01,271.0,271.0,271.0,2024-01-15 16:00:01,17.0,8.0,11.096551724137932,14.0,5.5,2.5,0.42293259207783185,3.0,876.6,52.800000000000004,14.610000000000001,41,0.600265886794904,0.0,12.0,93,13.0,3.605551275463989,169.0,13.0,3.605551275463989,169.0,13.0,3.605551275463989,169.0,Skyler,16.5,Spring Canyon,4A
SC8,SC8_20240117,SC8_20240116,2024-01-17,2024-01-16,12,13,2024-01-16 16:30:01,2024-01-17 16:30:01,24.0,0.9854569636489042,1.0,0.9986111111111111,0.9583333333333334,293.0,288.0,289.6666666666667,5.0,2024-01-17 07:00:01,284.0,284.0,284.0,2024-01-16 16:30:01,17.0,11.0,12.641379310344828,13.0,15.5,9.0,0.6281641168289291,3.2,1257.1,89.60000000000001,20.951666666666664,72,0.548378282442023,1.0,5.0,94,9.0,3.0,81.0,4.0,2.0,16.0,5.666666666666686,2.3804761428476207,32.11111111111133,Skyler,16.5,Spring Canyon,4A
SC8,SC8_20240118,SC8_20240117,2024-01-18,2024-01-17,13,14,2024-01-17 07:00:01,2024-01-18 07:00:01,24.0,0.970962844034495,1.0,0.9986111111111111,0.9166666666666666,61.0,53.0,53.666666666666664,22.0,2024-01-18 09:10:01,293.0,288.0,289.6666666666667,2024-01-17 07:00:01,17.0,6.0,11.305555555555555,12.0,15.5,9.0,0.6289986091794159,3.2,1248.1000000000001,112.60000000000002,20.80166666666667,89,0.6286657879943537,1.0,5.0,95,-232.0,-15.231546211727817,-53824.0,-235.0,-15.329709716755891,-55225.0,-236.00000000000003,-15.362291495737217,-55696.000000000015,Skyler,16.5,Spring Canyon,4A
SC8,SC8_20240119,SC8_20240118,2024-01-19,2024-01-18,14,15,2024-01-18 09:10:01,2024-01-19 09:10:01,24.0,0.9562441360433899,1.0,0.9993055555555556,0.875,24.0,24.0,20.333333333333332,0.0,2024-01-19 08:50:01,61.0,53.0,53.666666666666664,2024-01-18 09:10:01,17.0,9.0,12.069444444444445,11.0,13.0,3.0,0.8211257817929117,6.3,1701.4,788.3,28.35666666666667,317,1.0463432785276037,1.0,22.0,96,-37.0,-6.082762530298219,-1369.0,-29.0,-5.385164807134504,-841.0,-33.33333333333333,-5.773502691896257,-1111.1111111111109,Skyler,16.5,Spring Canyon,4A
SC8,SC8_20240120,SC8_20240119,2024-01-20,2024-01-19,15,16,2024-01-19 08:50:01,2024-01-20 08:50:01,24.0,0.970962844034495,1.0,0.9986111111111111,0.9166666666666666,4.0,4.0,4.0,0.0,2024-01-20 07:50:01,24.0,24.0,20.333333333333332,2024-01-19 08:50:01,18.0,12.0,13.655172413793103,12.0,15.0,21.0,2.289151599443672,7.0,4851.400000000001,4693.8,80.85666666666667,1394,0.9205102704147047,3.0,0.0,97,-20.0,-4.47213595499958,-400.0,-20.0,-4.47213595499958,-400.0,-16.333333333333332,-4.041451884327381,-266.7777777777777,Skyler,16.5,Spring Canyon,4A
SC8,SC8_20240121,SC8_20240120,2024-01-21,2024-01-20,16,17,2024-01-20 07:50:01,2024-01-21 07:50:01,24.0,0.9711878644003805,1.0,0.9993055555555556,0.9166666666666666,7.0,6.0,6.0,12.0,2024-01-21 11:50:01,4.0,4.0,4.0,2024-01-20 07:50:01,16.0,11.0,13.462068965517242,13.0,15.0,7.0,1.2817234190410005,4.7,2576.5,1390.9,42.94166666666667,669,0.8280880878178608,2.0,0.0,98,3.0,1.7320508075688772,9.0,2.0,1.4142135623730951,4.0,2.0,1.4142135623730951,4.0,Skyler,16.5,Spring Canyon,4A
SC8,SC8_20240122,SC8_20240121,2024-01-22,2024-01-21,17,18,2024-01-21 11:50:01,2024-01-22 11:50:01,24.0,0.970962844034495,1.0,0.9986111111111111,0.9166666666666666,23.0,6.0,11.666666666666666,19.0,2024-01-22 10:50:01,7.0,6.0,6.0,2024-01-21 11:50:01,18.0,12.0,14.73103448275862,17.0,33.0,37.5,2.2464534075104314,8.2,4844.400000000001,4286.1,80.74000000000001,1123,1.539438456424478,2.0,25.0,99,16.0,4.0,256.0,0.0,0.0,0.0,5.666666666666666,2.3804761428476167,32.11111111111111,Skyler,16.5,Spring Canyon,4A
SC8,SC8_20240123,SC8_20240122,2024-01-23,2024-01-22,18,19,2024-01-22 10:50:01,2024-01-23 10:50:01,24.0,0.9711878644003805,1.0,0.9993055555555556,0.9166666666666666,8.0,8.0,8.0,0.0,2024-01-23 13:50:01,23.0,6.0,11.666666666666666,2024-01-22 10:50:01,17.0,11.0,12.89655172413793,17.0,8.5,9.5,1.0854760250173732,3.4,2270.8,784.1999999999999,37.84666666666667,490,0.6791275562038812,2.0,19.0,100,-15.0,-3.872983346207417,-225.0,2.0,1.4142135623730951,4.0,-3.666666666666666,-1.914854215512676,-13.44444444444444,Skyler,16.5,Spring Canyon,4A
SC8,SC8_20240124,SC8_20240123,2024-01-24,2024-01-23,19,20,2024-01-23 13:50:01,2024-01-24 13:50:01,24.0,0.970962844034495,1.0,0.9986111111111111,0.9166666666666666,9.0,9.0,9.0,0.0,2024-01-24 10:20:01,8.0,8.0,8.0,2024-01-23 13:50:01,17.0,11.0,12.462068965517242,15.0,6.0,6.5,0.5396383866481225,4.1,1211.9,498.9,20.198333333333334,239,0.9668693370039305,0.0,0.0,101,1.0,1.0,1.0,1.0,1.0,1.0,1.0,1.0,1.0,Skyler,16.5,Spring Canyon,4A
SC8,SC8_20240125,SC8_20240124,2024-01-25,2024-01-24,20,21,2024-01-24 10:20:01,2024-01-25 10:20:01,24.0,0.9248689946042166,1.0,0.9993055555555556,0.7916666666666666,37.0,36.099999999999994,36.0,33.0,2024-01-25 11:50:01,9.0,9.0,9.0,2024-01-24 10:20:01,14.0,12.0,12.551724137931034,12.0,0.0,0.0,0.2628908964558721,2.6,546.4,11.6,9.106666666666666,12,0.5471429634040387,0.0,0.0,102,28.0,5.291502622129181,784.0,27.099999999999994,5.205766033928147,734.4099999999997,27.0,5.196152422706632,729.0,Skyler,16.5,Spring Canyon,4A
SC8,SC8_20240126,SC8_20240125,2024-01-26,2024-01-25,21,22,2024-01-25 11:50:01,2024-01-26 11:50:01,24.0,0.999536822536797,1.0,0.9986111111111111,1.0,41.0,41.0,41.0,43.0,2024-01-26 09:50:01,37.0,36.099999999999994,36.0,2024-01-25 11:50:01,18.0,7.0,12.151724137931035,14.0,14.5,24.5,0.9846314325452017,4.1,1998.3,770.8,33.305,361,0.8412452297085234,1.0,55.0,103,4.0,2.0,16.0,4.900000000000006,2.213594362117867,24.010000000000055,5.0,2.23606797749979,25.0,Skyler,16.5,Spring Canyon,4A
SC9,SC9_20240129,SC9_20240128,2024-01-29,2024-01-28,2,3,2024-01-28 16:00:01,2024-01-29 16:00:01,24.0,0.34179716080852895,1.0,0.041666666666666664,0.9583333333333334,1.0,1.0,1.0,3.0,2024-01-29 14:30:01,31.0,18.29999999999999,18.333333333333332,2024-01-28 16:00:01,33.0,11.0,18.75862068965517,20.0,54.0,314.5,0.0,0.0,0.0,0.0,0.0,0,0.0,0.0,28.0,106,-30.0,-5.477225575051661,-900.0,-17.29999999999999,-4.159326868617083,-299.2899999999997,-17.333333333333332,-4.163331998932265,-300.4444444444444,Vincent,6.7,Spring Canyon,9A
