deployment_id,deployment_day_id_t,deployment_day_id_t_1,date_t,date_t_1,observation_order_t,day_sequence,window_start,window_end,lag_duration_hours,metrics_complete,temp_data_coverage,wind_data_coverage,butterfly_data_coverage,max_butterflies_t,butterflies_95th_percentile_t,butterflies_top3_mean_t,sum_butterflies_direct_sun_t,time_of_max_t,max_butterflies_t_1,butterflies_95th_percentile_t_1,butterflies_top3_mean_t_1,time_of_max_t_1,temp_max_t_1,temp_min_t_1,temp_mean_t_1,temp_at_max_count_t_1,hours_above_15C_t_1,degree_hours_above_15C_t_1,wind_avg_sustained_t_1,wind_max_gust_t_1,wind_gust_sum_t_1,wind_gust_sum_above_2ms_t_1,wind_gust_hours_t_1,wind_minutes_above_2ms_t_1,wind_gust_sd_t_1,wind_mode_gust_t_1,sum_butterflies_direct_sun_t_1,days_since_oct15_t,butterfly_diff,butterfly_diff_cbrt,butterfly_diff_log,butterfly_diff_95th,butterfly_diff_95th_cbrt,butterfly_diff_95th_log,butterfly_diff_top3,butterfly_diff_top3_cbrt,butterfly_diff_top3_log,Observer,horizontal_dist_to_cluster_m,grove,view_id
SC1,SC1_20231119,SC1_20231118,2023-11-19,2023-11-18,2,3,2023-11-18 06:30:02,2023-11-19 17:00:01,34.499722222222225,0.9996805180222758,1.0,0.9990418602404205,1.0,21.0,20.9,20.333333333333332,5.0,2023-11-19 07:30:01,56.0,55.95,55.666666666666664,2023-11-18 06:30:02,21.0,11.0,15.431034482758621,16.0,150.5,178.0,0.7772243713733076,4.9,2686.3,1552.0,44.77166666666667,605,1.1687032885361195,0.0,5.0,35,-35.0,-3.2710663101885897,-3.58351893845611,-35.050000000000004,-3.272623219662218,-3.584906863730958,-35.33333333333333,-3.2814178548547828,-3.592735593561034,Skyler,4.2,Spring Canyon,1A
SC1,SC1_20231120,SC1_20231119,2023-11-20,2023-11-19,3,4,2023-11-19 07:30:01,2023-11-20 17:00:01,33.5,0.9996682149723293,1.0,0.9990049751243781,1.0,5.0,5.0,5.0,3.0,2023-11-20 06:30:01,21.0,20.9,20.333333333333332,2023-11-19 07:30:01,21.0,8.0,13.884,11.0,55.0,106.5,0.94800796812749,6.3,3142.7000000000003,1549.1,52.37833333333334,730,1.0361629572963007,2.0,8.0,36,-16.0,-2.5198420997897464,-2.833213344056216,-15.899999999999999,-2.514581453799839,-2.8273136219290276,-15.333333333333332,-2.484346637906945,-2.793208009442517,Skyler,4.2,Spring Canyon,1A
SC10,SC10_20240107,SC10_20240106,2024-01-07,2024-01-06,2,3,2024-01-06 16:06:04,2024-01-07 17:06:04,25.0,0.999555357878242,1.0,0.9986666666666667,1.0,78.0,77.0,74.66666666666667,104.0,2024-01-07 15:36:04,39.0,29.9,32.333333333333336,2024-01-06 16:06:04,19.0,5.0,11.225165562913908,13.0,14.0,33.5,1.6636849132176235,7.0,3390.3,2558.4,56.505,874,1.2433291044183006,1.0,104.0,84,39.0,3.3912114430141664,3.6888794541139363,47.1,3.6113837181884034,3.8732821771117156,42.333333333333336,3.485198261658764,3.7689221617874726,Emery,7.5,Spring Canyon,2A
SC10,SC10_20240108,SC10_20240107,2024-01-08,2024-01-07,3,4,2024-01-07 15:36:04,2024-01-08 17:06:04,25.5,0.9929878102897239,1.0,0.9986928104575163,0.9803921568627451,130.0,127.0,128.0,176.0,2024-01-08 15:06:04,78.0,77.0,74.66666666666667,2024-01-07 15:36:04,19.0,3.0,9.253246753246753,15.0,15.5,43.0,0.8087041884816752,4.7,1741.8000000000002,982.6999999999998,29.030000000000005,455,1.047573299111369,0.0,176.0,85,52.0,3.7325111568172478,3.970291913552122,50.0,3.6840314986403864,3.9318256327243257,53.33333333333333,3.7641441155241138,3.9951379121386528,Emery,7.5,Spring Canyon,2A
SC10,SC10_20240109,SC10_20240108,2024-01-09,2024-01-08,4,5,2024-01-08 15:06:04,2024-01-09 17:06:04,26.0,0.9997862791129613,1.0,0.9993589743589744,1.0,148.0,145.0,144.66666666666666,416.0,2024-01-09 16:36:04,130.0,127.0,128.0,2024-01-08 15:06:04,19.0,5.0,10.509554140127388,18.0,18.5,46.0,0.8307889672867222,3.8,1801.5,929.9,30.025,442,0.9661104428255691,0.0,416.0,86,18.0,2.6207413942088964,2.9444389791664403,18.0,2.6207413942088964,2.9444389791664403,16.666666666666657,2.5543647746451765,2.8716796248840115,Emery,7.5,Spring Canyon,2A
SC10,SC10_20240110,SC10_20240109,2024-01-10,2024-01-09,5,6,2024-01-09 16:36:04,2024-01-10 17:06:04,24.5,0.9787163063972252,1.0,0.998639455782313,0.9387755102040817,282.0,180.0,197.0,385.0,2024-01-10 08:36:04,148.0,145.0,144.66666666666666,2024-01-09 16:36:04,18.0,6.0,11.45945945945946,13.0,12.0,23.5,1.4444141689373298,4.3,2936.2999999999997,1880.7999999999997,48.938333333333325,888,0.7366674248356396,2.0,385.0,87,134.0,5.117229946912048,4.90527477843843,35.0,3.2710663101885897,3.58351893845611,52.33333333333334,3.740469626875839,3.9765615265657175,Emery,7.5,Spring Canyon,2A
SC10,SC10_20240111,SC10_20240110,2024-01-11,2024-01-10,6,7,2024-01-10 08:36:04,2024-01-11 17:06:04,32.5,0.9996580027093064,1.0,0.9989743589743589,1.0,306.0,220.0,245.66666666666666,456.0,2024-01-11 14:36:04,282.0,180.0,197.0,2024-01-10 08:36:04,18.0,5.0,12.071428571428571,8.0,24.5,44.5,2.003388090349076,7.4,5331.2,4430.6,88.85333333333332,1534,1.1548713946610734,2.0,841.0,88,24.0,2.8844991406148166,3.2188758248682006,40.0,3.4199518933533937,3.713572066704308,48.66666666666666,3.6509890774653457,3.905334017277349,Emery,7.5,Spring Canyon,2A
SC10,SC10_20240112,SC10_20240111,2024-01-12,2024-01-11,7,8,2024-01-11 14:36:04,2024-01-12 17:36:04,27.0,0.9995883078991286,1.0,0.9987654320987654,1.0,770.0,476.5999999999999,548.0,387.0,2024-01-12 16:06:04,306.0,220.0,245.66666666666666,2024-01-11 14:36:04,18.0,3.0,9.447852760736197,17.0,17.0,36.0,0.8608158220024723,4.1,1962.0,659.3999999999999,32.7,393,0.822948074570866,1.0,387.0,89,464.0,7.741753281255592,6.142037405587356,256.5999999999999,6.354560965707688,5.551407994230198,302.33333333333337,6.711640367144318,5.7148323108427865,Emery,7.5,Spring Canyon,2A
SC10,SC10_20240113,SC10_20240112,2024-01-13,2024-01-12,8,9,2024-01-12 16:06:04,2024-01-13 17:36:04,25.5,0.9997820875938852,1.0,0.9993464052287582,1.0,497.0,420.55,443.3333333333333,1122.0,2024-01-13 14:36:04,770.0,476.5999999999999,548.0,2024-01-12 16:06:04,21.0,5.0,10.714285714285714,13.0,16.0,45.0,0.786265533028123,3.2,1712.6999999999998,751.3999999999999,28.544999999999998,451,0.9684281701008317,0.0,1122.0,90,-273.0,-6.48715411671635,-5.6131281063880705,-56.0499999999999,-3.8270006763425437,-4.043928076308083,-104.66666666666669,-4.712696419393292,-4.660289485209171,Emery,7.5,Spring Canyon,2A
SC10,SC10_20240114,SC10_20240113,2024-01-14,2024-01-13,9,10,2024-01-13 14:36:04,2024-01-14 17:06:04,26.5,0.9995805368635385,1.0,0.9987421383647799,1.0,500.0,499.0,499.0,0.0,2024-01-14 08:06:04,497.0,420.55,443.3333333333333,2024-01-13 14:36:04,19.0,8.0,11.36875,19.0,4.0,10.5,0.5014483627204029,2.6,1157.5,95.0,19.291666666666668,75,0.6512569851061706,0.0,42.0,91,3.0,1.4422495703074083,1.3862943611198906,78.44999999999999,4.280859582207425,4.375127892982725,55.666666666666686,3.8182562572811785,4.037186148382152,Emery,7.5,Spring Canyon,2A
SC10,SC10_20240115,SC10_20240114,2024-01-15,2024-01-14,10,11,2024-01-14 08:06:04,2024-01-15 17:26:04,33.333333333333336,0.9996665554937859,1.0,0.9989999999999999,1.0,397.0,283.44999999999993,294.0,373.0,2024-01-15 08:26:04,500.0,499.0,499.0,2024-01-14 08:06:04,20.0,6.0,11.99497487437186,10.0,16.0,40.5,0.39434434434434434,2.2,1148.0,8.8,19.133333333333333,16,0.6042448692270171,0.0,373.0,92,-103.0,-4.687548147653597,-4.6443908991413725,-215.55000000000007,-5.995830436461176,-5.377821467660636,-205.0,-5.896368539970366,-5.327876168789581,Emery,7.5,Spring Canyon,2A
SC10,SC10_20240116,SC10_20240115,2024-01-16,2024-01-15,11,12,2024-01-15 08:26:04,2024-01-16 17:26:04,33.0,0.9998316214819157,1.0,0.9994949494949495,1.0,79.0,68.9,71.66666666666667,145.0,2024-01-16 07:26:04,397.0,283.44999999999993,294.0,2024-01-15 08:26:04,20.0,7.0,12.728643216080402,9.0,29.0,80.0,0.29358261748357756,2.2,862.4000000000001,6.6000000000000005,14.373333333333335,21,0.6099474874983815,0.0,518.0,93,-318.0,-6.825624196557114,-5.765191102784844,-214.54999999999993,-5.986543918947491,-5.373192901193144,-222.33333333333331,-6.058077986009074,-5.408665423716902,Emery,7.5,Spring Canyon,2A
SC10,SC10_20240117,SC10_20240116,2024-01-17,2024-01-16,12,13,2024-01-16 07:26:04,2024-01-17 17:26:04,34.0,0.9996730957596417,1.0,0.9990196078431373,1.0,5.0,4.0,4.333333333333333,2.0,2024-01-17 16:26:04,79.0,68.9,71.66666666666667,2024-01-16 07:26:04,24.0,8.0,13.409756097560976,8.0,31.0,98.0,0.3136898920510304,2.6,967.8,14.0,16.13,28,0.6262831577515081,0.0,147.0,94,-74.0,-4.198336453808407,-4.31748811353631,-64.9,-4.0186627896488725,-4.188138441508461,-67.33333333333334,-4.068272530108637,-4.2243976904702984,Emery,7.5,Spring Canyon,2A
SC10,SC10_20240118,SC10_20240117,2024-01-18,2024-01-17,13,14,2024-01-17 16:26:04,2024-01-18 17:26:04,25.0,0.9997777283767637,1.0,0.9993333333333333,1.0,5.0,4.0,4.333333333333333,14.0,2024-01-18 08:26:04,5.0,4.0,4.333333333333333,2024-01-17 16:26:04,19.0,6.0,11.019867549668874,12.0,18.0,30.5,0.28125416944629755,4.1,736.8000000000002,145.9,12.280000000000003,84,0.7185239290259038,0.0,14.0,95,0.0,0.0,0.0,0.0,0.0,0.0,0.0,0.0,0.0,Emery,7.5,Spring Canyon,2A
SC10,SC10_20240119,SC10_20240118,2024-01-19,2024-01-18,14,15,2024-01-18 08:26:04,2024-01-19 17:26:04,33.0,0.9996631862325221,1.0,0.998989898989899,1.0,0.0,0.0,0.0,0.0,2024-01-19 06:56:04,5.0,4.0,4.333333333333333,2024-01-18 08:26:04,20.0,8.0,13.100502512562814,9.0,34.5,68.0,0.7124873609706776,5.5,2411.9,1480.3,40.19833333333334,660,1.1370276003559499,0.0,14.0,96,-5.0,-1.7099759466766968,-1.791759469228055,-4.0,-1.5874010519681994,-1.6094379124341003,-4.333333333333333,-1.630324415502916,-1.6739764335716716,Emery,7.5,Spring Canyon,2A
SC10,SC10_20240122,SC10_20240121,2024-01-22,2024-01-21,17,18,2024-01-21 06:56:04,2024-01-22 17:26:04,34.5,0.9996778350292511,1.0,0.9990338164251208,1.0,4.0,3.0,3.3333333333333335,0.0,2024-01-22 12:56:04,0.0,0.0,0.0,2024-01-21 06:56:04,23.0,12.0,14.995192307692308,13.0,37.0,108.0,1.4615570599613152,7.2,4922.5,3604.7999999999997,82.04166666666667,1220,1.2299537220461911,2.0,0.0,99,4.0,1.5874010519681994,1.6094379124341003,3.0,1.4422495703074083,1.3862943611198906,3.3333333333333335,1.4938015821857216,1.4663370687934272,Emery,7.5,Spring Canyon,2A
SC10,SC10_20240123,SC10_20240122,2024-01-23,2024-01-22,18,19,2024-01-22 12:56:04,2024-01-23 17:26:04,28.5,0.9996099843598175,1.0,0.9988304093567252,1.0,357.0,245.95,282.6666666666667,265.0,2024-01-23 16:26:04,4.0,3.0,3.3333333333333335,2024-01-22 12:56:04,20.0,11.0,13.38953488372093,14.0,19.0,47.0,1.278688524590164,3.8,3002.6000000000004,1090.4,50.04333333333334,644,0.5310078785459217,2.0,265.0,100,353.0,7.067376614721954,5.869296913133774,242.95,6.239823439010384,5.496963286261846,279.33333333333337,6.536936325402582,5.635979371304838,Emery,7.5,Spring Canyon,2A
SC10,SC10_20240124,SC10_20240123,2024-01-24,2024-01-23,19,20,2024-01-23 16:26:04,2024-01-24 17:26:04,25.0,0.999555357878242,1.0,0.9986666666666667,1.0,309.0,299.9,302.3333333333333,0.0,2024-01-24 16:26:04,357.0,245.95,282.6666666666667,2024-01-23 16:26:04,14.0,11.0,12.072847682119205,14.0,0.0,0.0,0.4969959946595461,3.8,1075.8,345.9,17.93,180,0.8550006601191106,0.0,12.0,101,-48.0,-3.634241185664279,-3.8918202981106265,53.94999999999999,3.778596195874829,4.00642368084963,19.66666666666663,2.6992529559523355,3.02852209637698,Emery,7.5,Spring Canyon,2A
SC10,SC10_20240125,SC10_20240124,2024-01-25,2024-01-24,20,21,2024-01-24 16:26:04,2024-01-25 17:26:04,25.0,0.9997777283767637,1.0,0.9993333333333333,1.0,270.0,266.7,260.0,406.0,2024-01-25 09:56:04,309.0,299.9,302.3333333333333,2024-01-24 16:26:04,20.0,11.0,13.33774834437086,14.0,15.0,44.0,0.519079386257505,3.2,1084.7,463.4,18.078333333333333,284,0.9448066192839433,0.0,406.0,102,-39.0,-3.3912114430141664,-3.6888794541139363,-33.19999999999999,-3.214001150587008,-3.5322256440685593,-42.333333333333314,-3.4851982616587636,-3.768922161787472,Emery,7.5,Spring Canyon,2A
SC10,SC10_20240126,SC10_20240125,2024-01-26,2024-01-25,21,22,2024-01-25 09:56:04,2024-01-26 17:26:04,31.5,0.9996471418196822,1.0,0.9989417989417989,1.0,137.0,96.9,109.66666666666667,178.0,2024-01-26 09:26:04,270.0,266.7,260.0,2024-01-25 09:56:04,24.0,6.0,13.9,13.0,39.5,174.0,0.5054555084745762,3.2,1411.4,463.4,23.523333333333333,287,0.8638867789920542,0.0,572.0,103,-133.0,-5.104468722001463,-4.897839799950911,-169.79999999999998,-5.53748498926711,-5.14049328135447,-150.33333333333331,-5.317225706598407,-5.019484909373238,Emery,7.5,Spring Canyon,2A
SC10,SC10_20240127,SC10_20240126,2024-01-27,2024-01-26,22,23,2024-01-26 09:26:04,2024-01-27 17:20:01,31.899166666666666,0.9565215107137,1.0,0.8751534784085269,1.0,0.0,0.0,0.0,0.0,2024-01-27 06:56:04,137.0,96.9,109.66666666666667,2024-01-26 09:26:04,28.0,9.0,16.431578947368422,15.0,50.5,276.5,0.20883582089552236,2.4,549.3000000000001,16.400000000000002,9.155000000000001,13,0.5404058356109748,0.0,142.0,104,-137.0,-5.155136735475772,-4.927253685157205,-96.9,-4.5931214142922085,-4.583946549536464,-109.66666666666667,-4.786575142073452,-4.706522680248379,Emery,7.5,Spring Canyon,2A
SC10,SC10_20240128,SC10_20240127,2024-01-28,2024-01-27,23,24,2024-01-27 06:56:04,2024-01-28 17:50:01,34.899166666666666,0.5696151774378847,1.0,0.18481816662288977,1.0,8.0,6.699999999999996,6.333333333333333,0.0,2024-01-28 17:50:01,0.0,0.0,0.0,2024-01-27 06:56:04,34.0,9.0,18.216346153846153,9.0,65.0,428.0,0.20310077519379843,1.6,111.9,0.0,1.865,0,0.4678094099668159,0.0,0.0,105,8.0,2.0,2.1972245773362196,6.699999999999996,1.8852036310209856,2.041220328859638,6.333333333333333,1.8501663676371822,1.992430164690206,Emery,7.5,Spring Canyon,2A
SC10,SC10_20240129,SC10_20240128,2024-01-29,2024-01-28,24,25,2024-01-28 17:50:01,2024-01-29 17:20:01,23.5,0.3466283159192896,1.0,0.0425531914893617,0.9787234042553191,23.0,14.699999999999996,15.666666666666666,15.0,2024-01-29 14:50:01,8.0,6.699999999999996,6.333333333333333,2024-01-28 17:50:01,29.0,11.0,17.218309859154928,16.0,50.5,208.5,0.0,0.0,0.0,0.0,0.0,0,0.0,0.0,15.0,106,15.0,2.46621207433047,2.772588722239781,8.0,2.0,2.1972245773362196,9.333333333333332,2.105453199218793,2.3353749158170363,Emery,7.5,Spring Canyon,2A
SC10,SC10_20240130,SC10_20240129,2024-01-30,2024-01-29,25,26,2024-01-29 14:50:01,2024-01-30 17:20:01,26.5,0.0,1.0,0.0,1.0,10.0,9.0,9.333333333333334,23.0,2024-01-30 16:20:01,23.0,14.699999999999996,15.666666666666666,2024-01-29 14:50:01,25.0,7.0,13.525,25.0,26.0,95.5,,,,,,0,,,23.0,107,-13.0,-2.3513346877207573,-2.6390573296152584,-5.699999999999996,-1.786315987708056,-1.9021075263969198,-6.333333333333332,-1.8501663676371822,-1.992430164690206,Emery,7.5,Spring Canyon,2A
SC10,SC10_20240131,SC10_20240130,2024-01-31,2024-01-30,26,27,2024-01-30 16:20:01,2024-01-31 17:20:01,25.0,0.0,1.0,0.0,1.0,9.0,7.949999999999999,8.0,0.0,2024-01-31 09:50:01,10.0,9.0,9.333333333333334,2024-01-30 16:20:01,18.0,8.0,12.052980132450331,13.0,13.0,12.0,,,,,,0,,,0.0,108,-1.0,-1.0,-0.6931471805599453,-1.0500000000000007,-1.0163963568148537,-0.7178397931503172,-1.333333333333334,-1.1006424162982091,-0.8472978603872039,Emery,7.5,Spring Canyon,2A
SC12,SC12_20240129,SC12_20240128,2024-01-29,2024-01-28,2,3,2024-01-28 07:30:00,2024-01-29 17:30:01,34.000277777777775,0.9998338517491251,1.0,0.9995016380585127,1.0,159.0,70.04999999999997,88.0,140.0,2024-01-29 17:00:01,37.0,27.749999999999996,29.333333333333332,2024-01-28 07:30:00,29.0,12.0,17.521951219512196,15.0,83.0,300.0,0.8425208435507602,5.1,2367.0,681.5999999999999,39.45,394,0.808746616504529,1.0,189.0,106,122.0,4.9596756638423,4.812184355372417,42.29999999999997,3.4842832712618543,3.7681526350084433,58.66666666666667,3.885651122167637,4.088773517172646,Vincent,12.6,Spring Canyon,4A
SC12,SC12_20240130,SC12_20240129,2024-01-30,2024-01-29,3,4,2024-01-29 17:00:01,2024-01-30 17:30:01,24.5,0.992925214693338,1.0,0.9993197278911564,0.9795918367346939,143.0,138.7,138.33333333333334,584.0,2024-01-30 10:30:01,159.0,70.04999999999997,88.0,2024-01-29 17:00:01,19.0,8.0,12.506756756756756,16.0,18.5,19.5,0.8402995234853643,3.4,1614.0,165.99999999999997,26.9,123,0.6363145025445098,1.0,611.0,107,-16.0,-2.5198420997897464,-2.833213344056216,68.65000000000002,4.094619155818753,4.243482700225815,50.33333333333334,3.6922001096384265,3.9383403137455195,Vincent,12.6,Spring Canyon,4A
SC12,SC12_20240131,SC12_20240130,2024-01-31,2024-01-30,4,5,2024-01-30 10:30:01,2024-01-31 17:30:01,31.0,0.9996414485171311,1.0,0.9989247311827957,1.0,149.0,129.09999999999994,112.33333333333333,18.0,2024-01-31 09:30:01,143.0,138.7,138.33333333333334,2024-01-30 10:30:01,19.0,8.0,12.602150537634408,14.0,21.5,20.0,0.9643164693218513,7.2,2705.0,1421.0,45.083333333333336,526,1.2233064860024268,0.0,207.0,108,6.0,1.8171205928321397,1.9459101490553132,-9.600000000000051,-2.125317138365226,-2.3608540011180263,-26.000000000000014,-2.9624960684073707,-3.2958368660043296,Vincent,12.6,Spring Canyon,4A
SC12,SC12_20240201,SC12_20240131,2024-02-01,2024-01-31,5,6,2024-01-31 09:30:01,2024-02-01 17:30:01,32.0,0.9996526571446872,1.0,0.9989583333333333,1.0,29.0,26.0,27.0,68.0,2024-02-01 15:30:01,149.0,129.09999999999994,112.33333333333333,2024-01-31 09:30:01,20.0,10.0,13.290155440414507,13.0,20.5,16.0,1.9070907194994786,12.8,5756.699999999999,4788.400000000001,95.94499999999998,1104,2.422850939836059,2.0,83.0,109,-120.0,-4.93242414866094,-4.795790545596741,-103.09999999999994,-4.689064662850841,-4.6453519756209225,-85.33333333333333,-4.402569665192835,-4.458215773031428,Vincent,12.6,Spring Canyon,4A
SC12,SC12_20240202,SC12_20240201,2024-02-02,2024-02-01,6,7,2024-02-01 15:30:01,2024-02-02 17:30:01,26.0,0.9997862791129613,1.0,0.9993589743589744,1.0,35.0,32.64999999999999,31.333333333333332,202.0,2024-02-02 08:00:01,29.0,26.0,27.0,2024-02-01 15:30:01,16.0,6.0,10.656050955414013,15.0,3.0,0.5,1.1310455420141117,5.5,2332.8,1553.1,38.88,631,1.1059731510568618,0.0,208.0,110,6.0,1.8171205928321397,1.9459101490553132,6.6499999999999915,1.880502355567802,2.0347056478384435,4.333333333333332,1.630324415502916,1.6739764335716714,Vincent,12.6,Spring Canyon,4A
SC12,SC12_20240203,SC12_20240202,2024-02-03,2024-02-02,7,8,2024-02-02 08:00:01,2024-02-03 17:30:01,33.5,0.9996682149723293,1.0,0.9990049751243781,1.0,26.0,25.599999999999994,23.333333333333332,22.0,2024-02-03 11:30:01,35.0,32.64999999999999,31.333333333333332,2024-02-02 08:00:01,16.0,5.0,10.297029702970297,8.0,1.5,0.5,0.9332669322709164,4.1,2533.0,1021.1000000000001,42.21666666666667,456,0.8716016086022428,1.0,224.0,111,-9.0,-2.080083823051904,-2.302585092994046,-7.049999999999997,-1.9174749793745378,-2.085672091430472,-8.0,-2.0,-2.1972245773362196,Vincent,12.6,Spring Canyon,4A
SC4,SC4_20231205,SC4_20231204,2023-12-05,2023-12-04,2,3,2023-12-04 09:30:01,2023-12-05 17:00:01,31.5,0.9996471418196822,1.0,0.9989417989417989,1.0,193.0,187.0,188.33333333333334,104.0,2023-12-05 07:00:01,569.0,497.0,465.0,2023-12-04 09:30:01,30.0,10.0,18.526315789473685,19.0,66.0,404.0,0.4139300847457627,2.6,1113.6000000000001,93.60000000000001,18.560000000000002,88,0.6758083133535969,0.0,409.0,51,-376.0,-7.217652160277389,-5.932245187448011,-310.0,-6.767899452107007,-5.739792912179234,-276.66666666666663,-6.516068070625169,-5.626421353498733,Kevin,6.3,Spring Canyon,2A
SC4,SC4_20231206,SC4_20231205,2023-12-06,2023-12-05,3,4,2023-12-05 07:00:01,2023-12-06 17:00:01,34.0,0.9996730957596417,1.0,0.9990196078431373,1.0,6.0,4.849999999999998,4.333333333333333,0.0,2023-12-06 15:30:01,193.0,187.0,188.33333333333334,2023-12-05 07:00:01,30.0,9.0,15.595121951219513,13.0,40.0,295.0,0.318792934249264,3.2,957.4,64.60000000000001,15.956666666666667,65,0.645530723254173,0.0,104.0,52,-187.0,-5.718479064871316,-5.236441962829949,-182.15,-5.668607562750467,-5.210305489224823,-184.0,-5.68773395970313,-5.220355825078324,Kevin,6.3,Spring Canyon,2A
SC4,SC4_20231207,SC4_20231206,2023-12-07,2023-12-06,4,5,2023-12-06 15:30:01,2023-12-07 17:00:01,25.5,0.9995640801540053,1.0,0.9986928104575163,1.0,184.0,169.9,174.0,80.0,2023-12-07 16:00:01,6.0,4.849999999999998,4.333333333333333,2023-12-06 15:30:01,20.0,9.0,13.493506493506494,18.0,23.0,66.5,0.9395287958115184,4.3,2044.1,1378.9,34.068333333333335,572,1.2027013758214145,0.0,80.0,53,178.0,5.6252263283418555,5.187385805840755,165.05,5.485360517344216,5.112288947822756,169.66666666666666,5.536035196037014,5.139712336371398,Kevin,6.3,Spring Canyon,2A
SC4,SC4_20231208,SC4_20231207,2023-12-08,2023-12-07,5,6,2023-12-07 16:00:01,2023-12-08 17:00:01,25.0,0.9862655621477855,1.0,0.9993333333333333,0.96,337.0,268.0,290.3333333333333,547.0,2023-12-08 15:00:01,184.0,169.9,174.0,2023-12-07 16:00:01,20.0,9.0,12.894039735099337,14.0,20.0,49.5,1.5322881921280855,4.1,3233.5,2097.6,53.891666666666666,992,0.6072722584080581,2.0,547.0,54,153.0,5.348481241239363,5.0369526024136295,98.1,4.612003934577097,4.596129441335942,116.33333333333331,4.88166594857283,4.765018886929988,Kevin,6.3,Spring Canyon,2A
SC4,SC4_20231209,SC4_20231208,2023-12-09,2023-12-08,6,7,2023-12-08 15:00:01,2023-12-09 17:00:01,26.0,0.9995724668140733,1.0,0.9987179487179487,1.0,257.0,248.0,244.66666666666666,199.0,2023-12-09 07:30:01,337.0,268.0,290.3333333333333,2023-12-08 15:00:01,26.0,4.0,12.777070063694268,19.0,26.5,159.0,0.5467265725288831,3.8,1259.7,372.1,20.995,207,0.8547860885453192,0.0,201.0,55,-80.0,-4.308869380063767,-4.394449154672439,-20.0,-2.7144176165949063,-3.044522437723423,-45.66666666666666,-3.5743721763612517,-3.8430301339411943,Kevin,6.3,Spring Canyon,2A
SC4,SC4_20231210,SC4_20231209,2023-12-10,2023-12-09,7,8,2023-12-09 07:30:01,2023-12-10 17:00:01,33.5,0.9996682149723293,1.0,0.9990049751243781,1.0,28.0,19.0,21.666666666666668,19.0,2023-12-10 15:00:01,257.0,248.0,244.66666666666666,2023-12-09 07:30:01,26.0,6.0,13.797029702970297,8.0,45.0,259.5,0.19935258964143426,2.0,596.8,0.0,9.946666666666665,2,0.500843524873421,0.0,218.0,56,-229.0,-6.11803317263662,-5.438079308923196,-229.0,-6.11803317263662,-5.438079308923196,-223.0,-6.064126994506963,-5.4116460518550396,Kevin,6.3,Spring Canyon,2A
SC4,SC4_20231211,SC4_20231210,2023-12-11,2023-12-10,8,9,2023-12-10 15:00:01,2023-12-11 17:00:01,26.0,0.9997862791129613,1.0,0.9993589743589744,1.0,37.0,27.0,26.333333333333332,16.0,2023-12-11 17:00:01,28.0,19.0,21.666666666666668,2023-12-10 15:00:01,23.0,7.0,14.254777070063694,20.0,26.5,129.0,0.3856959589480436,3.2,934.5,62.80000000000001,15.575,69,0.6855792601694131,0.0,16.0,57,9.0,2.080083823051904,2.302585092994046,8.0,2.0,2.1972245773362196,4.666666666666664,1.6710993116548611,1.734601055388106,Kevin,6.3,Spring Canyon,2A
SC4,SC4_20231212,SC4_20231211,2023-12-12,2023-12-11,9,10,2023-12-11 17:00:01,2023-12-12 17:00:01,24.0,0.970962844034495,1.0,0.9986111111111111,0.9166666666666666,54.0,45.0,48.0,82.0,2023-12-12 08:30:01,37.0,27.0,26.333333333333332,2023-12-11 17:00:01,23.0,5.0,12.26206896551724,13.0,22.0,120.0,0.34951321279554937,2.8,757.5,74.6,12.625,60,0.6577831372102616,0.0,82.0,58,17.0,2.571281590658235,2.8903717578961645,18.0,2.6207413942088964,2.9444389791664403,21.666666666666668,2.7878155357897314,3.120895416507997,Kevin,6.3,Spring Canyon,2A
SC4,SC4_20231213,SC4_20231212,2023-12-13,2023-12-12,10,11,2023-12-12 08:30:01,2023-12-13 17:00:01,32.5,0.9996580027093064,1.0,0.9989743589743589,1.0,18.0,16.0,16.666666666666668,9.0,2023-12-13 15:00:01,54.0,45.0,48.0,2023-12-12 08:30:01,23.0,4.0,13.198979591836734,8.0,44.0,216.0,0.3412731006160164,2.8,956.5,74.6,15.941666666666666,62,0.6928250629007493,0.0,91.0,59,-36.0,-3.3019272488946263,-3.6109179126442243,-29.0,-3.072316825685847,-3.4011973816621555,-31.333333333333332,-3.152599964240036,-3.476098689835273,Kevin,6.3,Spring Canyon,2A
SC4,SC4_20231214,SC4_20231213,2023-12-14,2023-12-13,11,12,2023-12-13 15:00:01,2023-12-14 17:00:01,26.0,0.9995724668140733,1.0,0.9987179487179487,1.0,5.0,5.0,4.333333333333333,2.0,2023-12-14 07:00:01,18.0,16.0,16.666666666666668,2023-12-13 15:00:01,28.0,6.0,13.32484076433121,19.0,28.0,208.0,0.351604621309371,4.1,856.5,125.9,14.275,76,0.6387080012972701,0.0,2.0,60,-13.0,-2.3513346877207573,-2.6390573296152584,-11.0,-2.2239800905693152,-2.4849066497880004,-12.333333333333336,-2.3104335894762698,-2.5902671654458267,Kevin,6.3,Spring Canyon,2A
SC4,SC4_20231215,SC4_20231214,2023-12-15,2023-12-14,12,13,2023-12-14 07:00:01,2023-12-15 16:50:01,33.833333333333336,0.999671484864665,1.0,0.9990147783251231,1.0,0.0,0.0,0.0,0.0,2023-12-15 07:00:01,5.0,5.0,4.333333333333333,2023-12-14 07:00:01,32.0,6.0,16.019801980198018,7.0,47.0,431.5,0.3566568047337278,4.1,1271.1,321.69999999999993,21.185,201,0.7912558973866883,0.0,2.0,61,-5.0,-1.7099759466766968,-1.791759469228055,-5.0,-1.7099759466766968,-1.791759469228055,-4.333333333333333,-1.630324415502916,-1.6739764335716716,Kevin,6.3,Spring Canyon,2A
SC4,SC4_20231216,SC4_20231215,2023-12-16,2023-12-15,13,14,2023-12-15 07:00:01,2023-12-16 16:50:01,33.833333333333336,0.9998357694173127,1.0,0.9995073891625614,1.0,150.0,129.0,127.66666666666667,2.0,2023-12-16 16:20:01,0.0,0.0,0.0,2023-12-15 07:00:01,32.0,7.0,17.292079207920793,8.0,57.5,446.5,0.3927550517496303,4.1,1364.1000000000001,203.59999999999997,22.735000000000003,123,0.7136121381605663,0.0,2.0,62,150.0,5.313292845913055,5.017279836814924,129.0,5.05277434720856,4.867534450455582,127.66666666666667,5.035305670703076,4.857225080796721,Kevin,6.3,Spring Canyon,2A
SC4,SC4_20231217,SC4_20231216,2023-12-17,2023-12-16,14,15,2023-12-16 16:20:01,2023-12-17 16:50:01,24.5,0.9789384894483079,1.0,0.9993197278911564,0.9387755102040817,135.0,135.0,132.0,48.0,2023-12-17 07:50:01,150.0,129.0,127.66666666666667,2023-12-16 16:20:01,30.0,10.0,16.41891891891892,17.0,38.0,183.0,0.16793737236215114,3.4,397.1,25.4,6.618333333333334,15,0.5065550891345012,0.0,48.0,63,-15.0,-2.46621207433047,-2.772588722239781,6.0,1.8171205928321397,1.9459101490553132,4.333333333333329,1.6303244155029155,1.6739764335716707,Kevin,6.3,Spring Canyon,2A
SC4,SC4_20231218,SC4_20231217,2023-12-18,2023-12-17,15,16,2023-12-17 07:50:01,2023-12-18 16:50:01,33.0,0.9996631862325221,1.0,0.998989898989899,1.0,8.0,7.050000000000001,7.333333333333333,0.0,2023-12-18 07:50:01,135.0,135.0,132.0,2023-12-17 07:50:01,30.0,13.0,18.592964824120603,14.0,93.5,364.5,0.6084428715874621,4.5,2043.9999999999998,655.1999999999999,34.06666666666666,339,0.8965955323187936,0.0,48.0,64,-127.0,-5.026525695313479,-4.852030263919617,-127.95,-5.039027905236927,-4.859424732327354,-124.66666666666667,-4.995551599075079,-4.833632898779901,Kevin,6.3,Spring Canyon,2A
SC4,SC4_20231219,SC4_20231218,2023-12-19,2023-12-18,16,17,2023-12-18 07:50:01,2023-12-19 17:20:01,33.5,0.9996682149723293,1.0,0.9990049751243781,1.0,0.0,0.0,0.0,0.0,2023-12-19 06:50:01,8.0,7.050000000000001,7.333333333333333,2023-12-18 07:50:01,23.0,13.0,15.48019801980198,17.0,60.0,91.5,1.023804780876494,7.4,3581.2000000000003,1655.3,59.686666666666675,813,0.8108479373638809,2.0,0.0,65,-8.0,-2.0,-2.1972245773362196,-7.050000000000001,-1.917474979374538,-2.0856720914304723,-7.333333333333333,-1.9428255610838185,-2.120263536200091,Kevin,6.3,Spring Canyon,2A
SC4,SC4_20231221,SC4_20231220,2023-12-21,2023-12-20,18,19,2023-12-20 07:20:01,2023-12-21 17:20:01,34.0,0.9996730957596417,1.0,0.9990196078431373,1.0,4.0,3.0,3.0,3.0,2023-12-21 13:50:01,0.0,0.0,0.0,2023-12-20 07:20:01,22.0,11.0,12.951219512195122,13.0,13.0,33.5,0.7096172718351326,5.9,2688.7,1443.6,44.81166666666666,607,1.1289887895058817,0.0,3.0,67,4.0,1.5874010519681994,1.6094379124341003,3.0,1.4422495703074083,1.3862943611198906,3.0,1.4422495703074083,1.3862943611198906,Kevin,6.3,Spring Canyon,2A
SC4,SC4_20231222,SC4_20231221,2023-12-22,2023-12-21,19,20,2023-12-21 13:50:01,2023-12-22 17:20:01,27.5,0.9995957962372908,1.0,0.9987878787878788,1.0,131.0,130.0,126.66666666666667,80.0,2023-12-22 16:20:01,4.0,3.0,3.0,2023-12-21 13:50:01,23.0,11.0,14.987951807228916,17.0,37.0,128.5,0.5254854368932039,6.2,1503.6000000000001,581.0999999999999,25.060000000000002,242,1.0280307793936845,0.0,80.0,68,127.0,5.026525695313479,4.852030263919617,127.0,5.026525695313479,4.852030263919617,123.66666666666667,4.982158635083963,4.825643508746422,Kevin,6.3,Spring Canyon,2A
SC4,SC4_20231223,SC4_20231222,2023-12-23,2023-12-22,20,21,2023-12-22 16:20:01,2023-12-23 16:50:01,24.5,0.9789384894483079,1.0,0.9993197278911564,0.9387755102040817,208.0,107.30000000000007,137.0,0.0,2023-12-23 10:20:01,131.0,130.0,126.66666666666667,2023-12-22 16:20:01,16.0,12.0,12.871621621621621,16.0,3.5,1.0,1.2063989108236894,3.2,2374.2000000000003,899.5999999999999,39.57000000000001,539,0.6989357442783337,2.0,0.0,69,77.0,4.254320865115005,4.356708826689592,-22.699999999999932,-2.8314481885281833,-3.1654750481410825,10.333333333333329,2.178111692362524,2.427748235948051,Kevin,6.3,Spring Canyon,2A
SC4,SC4_20231224,SC4_20231223,2023-12-24,2023-12-23,21,22,2023-12-23 10:20:01,2023-12-24 16:50:01,30.5,0.9996355684808468,1.0,0.9989071038251366,1.0,322.0,263.0,249.66666666666666,48.0,2023-12-24 16:20:01,208.0,107.30000000000007,137.0,2023-12-23 10:20:01,21.0,7.0,12.76086956521739,15.0,21.5,80.0,0.6314551422319474,3.2,1565.2,681.8,26.086666666666666,372,0.9739235299012396,0.0,48.0,70,114.0,4.848807585839879,4.74493212836325,155.69999999999993,5.37975962036878,5.054333149361975,112.66666666666666,4.829829671155933,4.733270188615407,Kevin,6.3,Spring Canyon,2A
SC4,SC4_20231225,SC4_20231224,2023-12-25,2023-12-24,22,23,2023-12-24 16:20:01,2023-12-25 16:50:01,24.5,0.9645402436754279,1.0,0.9993197278911564,0.8979591836734694,234.0,234.0,234.0,40.0,2023-12-25 07:20:01,322.0,263.0,249.66666666666666,2023-12-24 16:20:01,21.0,6.0,11.743243243243244,14.0,18.5,67.5,0.37106875425459507,2.8,778.0,48.80000000000001,12.966666666666667,48,0.7000787610561917,0.0,40.0,71,-88.0,-4.4479601811386305,-4.48863636973214,-29.0,-3.072316825685847,-3.4011973816621555,-15.666666666666657,-2.5022202498347705,-2.813410716760036,Kevin,6.3,Spring Canyon,2A
SC4,SC4_20231226,SC4_20231225,2023-12-26,2023-12-25,23,24,2023-12-25 07:20:01,2023-12-26 16:50:01,33.5,0.9996682149723293,1.0,0.9990049751243781,1.0,166.0,157.45000000000002,150.66666666666666,61.0,2023-12-26 07:20:01,234.0,234.0,234.0,2023-12-25 07:20:01,21.0,6.0,12.589108910891088,6.0,28.0,75.5,0.44128486055776894,2.8,1252.9,97.80000000000001,20.881666666666668,82,0.698049743811647,0.0,101.0,72,-68.0,-4.081655101917348,-4.23410650459726,-76.54999999999998,-4.246017029693511,-4.350922889622548,-83.33333333333334,-4.367902323681494,-4.43477720005941,Kevin,6.3,Spring Canyon,2A
SC4,SC4_20231227,SC4_20231226,2023-12-27,2023-12-26,24,25,2023-12-26 07:20:01,2023-12-27 17:20:01,34.0,0.9996730957596417,1.0,0.9990196078431373,1.0,118.0,118.0,118.0,47.0,2023-12-27 07:20:00,166.0,157.45000000000002,150.66666666666666,2023-12-26 07:20:01,22.0,7.0,12.824390243902439,7.0,28.0,60.5,0.2616290480863592,2.8,875.8,22.0,14.596666666666666,13,0.5358882976053243,0.0,108.0,73,-48.0,-3.634241185664279,-3.8918202981106265,-39.45000000000002,-3.404204717222132,-3.7000666435045013,-32.66666666666666,-3.196697982774059,-3.5165082281731497,Kevin,6.3,Spring Canyon,2A
SC4,SC4_20231228,SC4_20231227,2023-12-28,2023-12-27,25,26,2023-12-27 07:20:00,2023-12-28 16:50:01,33.500277777777775,0.9998313715267886,1.0,0.9994941998822565,1.0,6.0,3.150000000000002,3.6666666666666665,3.0,2023-12-28 13:50:01,118.0,118.0,118.0,2023-12-27 07:20:00,24.0,9.0,13.693069306930694,11.0,42.0,141.5,0.2202090592334495,2.8,716.7,22.0,11.945,11,0.5141189374794405,0.0,50.0,74,-112.0,-4.820284528350459,-4.727387818712341,-114.85,-4.8608288876212,-4.752296250878385,-114.33333333333333,-4.853528920454442,-4.747826486389615,Kevin,6.3,Spring Canyon,2A
SC4,SC4_20231229,SC4_20231228,2023-12-29,2023-12-28,26,27,2023-12-28 13:50:01,2023-12-29 17:20:01,27.5,0.9995957962372908,1.0,0.9987878787878788,1.0,1.0,1.0,1.0,0.0,2023-12-29 07:20:01,6.0,3.150000000000002,3.6666666666666665,2023-12-28 13:50:01,24.0,12.0,14.048192771084338,22.0,21.0,57.0,0.3010922330097088,4.7,885.8000000000001,191.3,14.763333333333334,126,0.7705266337126015,0.0,1.0,75,-5.0,-1.7099759466766968,-1.791759469228055,-2.150000000000002,-1.290662880674033,-1.1474024528375424,-2.6666666666666665,-1.3867225487012693,-1.2992829841302609,Kevin,6.3,Spring Canyon,2A
SC4,SC4_20231230,SC4_20231229,2023-12-30,2023-12-29,27,28,2023-12-29 07:20:01,2023-12-30 16:50:01,33.5,0.9996682149723293,1.0,0.9990049751243781,1.0,88.0,85.15,84.66666666666667,12.0,2023-12-30 15:50:01,1.0,1.0,1.0,2023-12-29 07:20:01,17.0,10.0,13.376237623762377,12.0,26.5,19.0,0.8287848605577688,5.1,2620.7,961.7,43.67833333333333,504,0.9379761647651258,0.0,12.0,76,87.0,4.431047621693634,4.477336814478207,84.15,4.382124446355954,4.444414407108697,83.66666666666667,4.3737184454967455,4.438721978350427,Kevin,6.3,Spring Canyon,2A
SC4,SC4_20231231,SC4_20231230,2023-12-31,2023-12-30,28,29,2023-12-30 15:50:01,2023-12-31 17:20:01,25.5,0.9795674109597966,1.0,0.9986928104575163,0.9411764705882353,141.0,141.0,140.33333333333334,2.0,2023-12-31 12:20:01,88.0,85.15,84.66666666666667,2023-12-30 15:50:01,18.0,10.0,12.246753246753247,14.0,5.5,6.0,0.5802356020942409,4.1,1313.8,263.8,21.896666666666665,177,0.8256420766273429,0.0,2.0,77,53.0,3.756285754221072,3.9889840465642745,55.849999999999994,3.822443362503316,4.040416220196545,55.66666666666667,3.8182562572811785,4.037186148382152,Kevin,6.3,Spring Canyon,2A
SC4,SC4_20240101,SC4_20231231,2024-01-01,2023-12-31,29,30,2023-12-31 12:20:01,2024-01-01 17:20:01,29.0,0.9996167113461254,1.0,0.9988505747126437,1.0,12.0,12.0,11.333333333333334,26.0,2024-01-01 13:20:01,141.0,141.0,140.33333333333334,2023-12-31 12:20:01,24.0,7.0,12.662857142857144,13.0,27.0,121.5,0.40512082853855014,4.1,1125.7,112.80000000000001,18.761666666666667,87,0.7357065516349973,0.0,28.0,78,-129.0,-5.05277434720856,-4.867534450455582,-129.0,-5.05277434720856,-4.867534450455582,-129.0,-5.05277434720856,-4.867534450455582,Kevin,6.3,Spring Canyon,2A
SC4,SC4_20240102,SC4_20240101,2024-01-02,2024-01-01,30,31,2024-01-01 13:20:01,2024-01-02 17:20:01,28.0,0.9996030170285493,1.0,0.9988095238095238,1.0,6.0,6.0,5.666666666666667,25.0,2024-01-02 07:20:01,12.0,12.0,11.333333333333334,2024-01-01 13:20:01,23.0,5.0,12.289940828402367,22.0,31.5,123.5,0.3073301549463647,2.4,745.1000000000001,6.8,12.418333333333335,17,0.6297700052697578,0.0,37.0,79,-6.0,-1.8171205928321397,-1.9459101490553132,-6.0,-1.8171205928321397,-1.9459101490553132,-5.666666666666667,-1.782827080413121,-1.8971199848858813,Kevin,6.3,Spring Canyon,2A
SC4,SC4_20240103,SC4_20240102,2024-01-03,2024-01-02,31,32,2024-01-02 07:20:01,2024-01-03 17:20:01,34.0,0.9996730957596417,1.0,0.9990196078431373,1.0,120.0,111.0,114.0,39.0,2024-01-03 15:20:01,6.0,6.0,5.666666666666667,2024-01-02 07:20:01,21.0,5.0,13.424390243902439,5.0,39.0,93.5,1.1907262021589795,5.5,3338.5999999999995,2270.0,55.643333333333324,841,1.2006400702166693,0.0,64.0,80,114.0,4.848807585839879,4.74493212836325,105.0,4.7176939803165325,4.663439094112067,108.33333333333333,4.767097509972049,4.694401319716034,Kevin,6.3,Spring Canyon,2A
SC4,SC4_20240104,SC4_20240103,2024-01-04,2024-01-03,32,33,2024-01-03 15:20:01,2024-01-04 17:20:01,26.0,0.9997862791129613,1.0,0.9993589743589744,1.0,153.0,152.0,152.33333333333334,154.0,2024-01-04 09:20:01,120.0,111.0,114.0,2024-01-03 15:20:01,18.0,6.0,11.554140127388536,16.0,19.0,34.5,1.3726106478511868,5.1,2976.8,1979.4,49.61333333333334,742,0.9980441051831422,1.0,154.0,81,33.0,3.207534329995826,3.5263605246161616,41.0,3.4482172403827303,3.7376696182833684,38.33333333333334,3.3717771398314698,3.672072335797555,Kevin,6.3,Spring Canyon,2A
SC4,SC4_20240105,SC4_20240104,2024-01-05,2024-01-04,33,34,2024-01-04 09:20:01,2024-01-05 14:20:01,29.0,0.9996167113461254,1.0,0.9988505747126437,1.0,127.0,118.6,116.66666666666667,87.0,2024-01-05 07:20:01,153.0,152.0,152.33333333333334,2024-01-04 09:20:01,20.0,6.0,12.348571428571429,11.0,33.0,91.0,0.987054085155351,3.4,2384.0,980.9999999999999,39.733333333333334,526,0.7800798664133743,1.0,240.0,82,-26.0,-2.9624960684073702,-3.295836866004329,-33.400000000000006,-3.220442051883746,-3.5380565643793527,-35.66666666666667,-3.2917044984880826,-3.6018680771243066,Kevin,6.3,Spring Canyon,2A
SC6,SC6_20231217,SC6_20231216,2023-12-17,2023-12-16,2,3,2023-12-16 15:20:01,2023-12-17 16:50:01,25.5,0.9929878102897239,1.0,0.9986928104575163,0.9803921568627451,120.0,118.0,115.66666666666667,36.0,2023-12-17 07:50:01,284.0,267.0,249.0,2023-12-16 15:20:01,25.0,11.0,16.383116883116884,18.0,54.5,147.5,0.6043848167539267,4.3,1210.3000000000002,27.2,20.17166666666667,19,0.5901473193237641,1.0,36.0,63,-164.0,-5.473703674798427,-5.10594547390058,-149.0,-5.301459192380904,-5.0106352940962555,-133.33333333333331,-5.108729549290353,-4.9003242732785735,Vincent,12.6,Spring Canyon,4A
SC6,SC6_20231218,SC6_20231217,2023-12-18,2023-12-17,3,4,2023-12-17 07:50:01,2023-12-18 16:50:01,33.0,0.9996631862325221,1.0,0.998989898989899,1.0,77.0,65.60000000000001,62.666666666666664,3.0,2023-12-18 07:50:01,120.0,118.0,115.66666666666667,2023-12-17 07:50:01,25.0,14.0,18.266331658291456,14.0,96.5,328.0,1.0355915065722954,5.7,2843.1000000000004,1164.1,47.385000000000005,568,0.9412346265888228,1.5,39.0,64,-43.0,-3.503398060386724,-3.784189633918261,-52.39999999999999,-3.7420572627315374,-3.977810745966149,-53.00000000000001,-3.756285754221072,-3.9889840465642745,Vincent,12.6,Spring Canyon,4A
SC6,SC6_20231219,SC6_20231218,2023-12-19,2023-12-18,4,5,2023-12-18 07:50:01,2023-12-19 16:50:01,33.0,0.9996631862325221,1.0,0.998989898989899,1.0,18.0,18.0,18.0,12.0,2023-12-19 09:20:01,77.0,65.60000000000001,62.666666666666664,2023-12-18 07:50:01,19.0,14.0,15.467336683417086,17.0,85.5,60.5,1.572901921132457,5.7,4420.7,3108.2,73.67833333333333,1332,0.7950390062600515,2.0,15.0,65,-59.0,-3.8929964158732604,-4.0943445622221,-47.60000000000001,-3.6241178987255163,-3.883623530906448,-44.666666666666664,-3.5480890771361686,-3.821368637160015,Vincent,12.6,Spring Canyon,4A
SC6,SC6_20231220,SC6_20231219,2023-12-20,2023-12-19,5,6,2023-12-19 09:20:01,2023-12-20 16:50:01,31.5,0.9996471418196822,1.0,0.9989417989417989,1.0,17.0,17.0,17.0,0.0,2023-12-20 07:50:01,18.0,18.0,18.0,2023-12-19 09:20:01,16.0,11.0,14.01578947368421,15.0,28.0,8.5,1.3859639830508474,7.2,3836.4000000000005,2078.5999999999995,63.94000000000001,924,0.874755689070625,2.0,0.0,66,-1.0,-1.0,-0.6931471805599453,-1.0,-1.0,-0.6931471805599453,-1.0,-1.0,-0.6931471805599453,Vincent,12.6,Spring Canyon,4A
SC6,SC6_20231221,SC6_20231220,2023-12-21,2023-12-20,6,7,2023-12-20 07:50:01,2023-12-21 16:50:02,33.000277777777775,0.9996603813571673,1.0,0.9989814900547976,1.0,15.0,15.0,14.666666666666666,0.0,2023-12-21 08:50:01,17.0,17.0,17.0,2023-12-20 07:50:01,17.0,11.0,13.321608040201005,14.0,12.5,15.0,1.2803336703741153,7.2,3708.6,2137.5,61.809999999999995,894,1.0235062863370248,2.0,0.0,67,-2.0,-1.2599210498948732,-1.0986122886681098,-2.0,-1.2599210498948732,-1.0986122886681098,-2.333333333333334,-1.3263524026321307,-1.2039728043259361,Vincent,12.6,Spring Canyon,4A
SC6,SC6_20231222,SC6_20231221,2023-12-22,2023-12-21,7,8,2023-12-21 08:50:01,2023-12-22 16:50:01,32.0,0.9996526571446872,1.0,0.9989583333333333,1.0,135.0,65.65000000000005,83.0,52.0,2023-12-22 15:20:01,15.0,15.0,14.666666666666666,2023-12-21 08:50:01,18.0,12.0,14.414507772020725,13.0,46.5,50.5,0.9708550573514078,7.8,2675.7999999999997,1101.1,44.596666666666664,469,0.9224816078023452,1.0,52.0,68,120.0,4.93242414866094,4.795790545596741,50.65000000000005,3.699926952538875,3.9444901955656486,68.33333333333333,4.088313604914845,4.238925791033208,Vincent,12.6,Spring Canyon,4A
SC6,SC6_20231223,SC6_20231222,2023-12-23,2023-12-22,8,9,2023-12-22 15:20:01,2023-12-23 16:50:01,25.5,0.9797810570758317,1.0,0.9993464052287582,0.9411764705882353,56.0,48.400000000000006,50.666666666666664,0.0,2023-12-23 10:20:01,135.0,65.65000000000005,83.0,2023-12-22 15:20:01,16.0,12.0,13.37012987012987,16.0,6.5,4.0,1.1216481360366253,4.1,2381.0,1108.5,39.68333333333333,556,0.8563600379287974,2.0,32.0,69,-79.0,-4.290840427026207,-4.382026634673881,-17.250000000000043,-2.5838246261818134,-2.904165080028503,-32.333333333333336,-3.1857876658806714,-3.506557897319982,Vincent,12.6,Spring Canyon,4A
SC6,SC6_20231224,SC6_20231223,2023-12-24,2023-12-23,9,10,2023-12-23 10:20:01,2023-12-24 16:50:01,30.5,0.9996355684808468,1.0,0.9989071038251366,1.0,75.0,73.0,72.66666666666667,120.0,2023-12-24 15:50:01,56.0,48.400000000000006,50.666666666666664,2023-12-23 10:20:01,18.0,8.0,12.25,14.0,6.5,5.0,0.8661378555798688,4.1,2154.5,907.3,35.90833333333333,453,0.923841504649675,0.0,120.0,70,19.0,2.668401648721945,2.995732273553991,24.599999999999994,2.9083390575954486,3.2425923514855164,22.000000000000007,2.8020393306553872,3.13549421592915,Vincent,12.6,Spring Canyon,4A
SC6,SC6_20231225,SC6_20231224,2023-12-25,2023-12-24,10,11,2023-12-24 15:50:01,2023-12-25 16:20:01,24.5,0.9789384894483079,1.0,0.9993197278911564,0.9387755102040817,84.0,77.35000000000001,77.66666666666667,122.0,2023-12-25 16:20:01,75.0,73.0,72.66666666666667,2023-12-24 15:50:01,17.0,7.0,11.371621621621621,14.0,6.0,2.0,0.7686861810755616,3.4,1558.8,223.19999999999993,25.98,153,0.6370757252298815,1.0,133.0,71,9.0,2.080083823051904,2.302585092994046,4.3500000000000085,1.632411901029493,1.6770965609079167,5.0,1.7099759466766968,1.791759469228055,Vincent,12.6,Spring Canyon,4A
SC6,SC6_20231226,SC6_20231225,2023-12-26,2023-12-25,11,12,2023-12-25 16:20:01,2023-12-26 16:50:01,24.5,0.9494832559568848,1.0,0.998639455782313,0.8571428571428571,79.0,63.80000000000001,68.33333333333333,32.0,2023-12-26 10:20:01,84.0,77.35000000000001,77.66666666666667,2023-12-25 16:20:01,16.0,8.0,11.891891891891891,14.0,5.0,0.5,0.683174386920981,3.2,1366.6000000000001,147.00000000000003,22.776666666666667,91,0.5773242583568773,1.0,32.0,72,-5.0,-1.7099759466766968,-1.791759469228055,-13.549999999999997,-2.38403758780428,-2.6775909936175015,-9.333333333333343,-2.1054531992187937,-2.3353749158170376,Vincent,12.6,Spring Canyon,4A
SC6,SC6_20231227,SC6_20231226,2023-12-27,2023-12-26,12,13,2023-12-26 10:20:01,2023-12-27 16:50:01,30.5,0.9996355684808468,1.0,0.9989071038251366,1.0,108.0,94.70000000000002,94.0,73.0,2023-12-27 11:50:01,79.0,63.80000000000001,68.33333333333333,2023-12-26 10:20:01,17.0,9.0,12.733695652173912,13.0,21.5,12.0,0.3136214442013129,3.0,824.4000000000001,70.20000000000002,13.740000000000002,53,0.6226030017993357,0.0,73.0,73,29.0,3.072316825685847,3.4011973816621555,30.900000000000006,3.137999185135957,3.462606009790799,25.66666666666667,2.9497813365326353,3.283414346005772,Vincent,12.6,Spring Canyon,4A
SC6,SC6_20231228,SC6_20231227,2023-12-28,2023-12-27,13,14,2023-12-27 11:50:01,2023-12-28 16:50:01,29.0,0.9998083924076494,1.0,0.9994252873563219,1.0,83.0,83.0,81.66666666666667,233.0,2023-12-28 15:20:01,108.0,94.70000000000002,94.0,2023-12-27 11:50:01,19.0,10.0,12.994285714285715,15.0,34.5,36.0,0.5958021851638873,2.4,1375.0,6.8,22.916666666666668,15,0.4810859202341521,1.0,269.0,74,-25.0,-2.924017738212866,-3.258096538021482,-11.700000000000017,-2.270188680649386,-2.541601993464547,-12.333333333333329,-2.3104335894762693,-2.5902671654458262,Vincent,12.6,Spring Canyon,4A
SC6,SC6_20231229,SC6_20231228,2023-12-29,2023-12-28,14,15,2023-12-28 15:20:01,2023-12-29 17:20:02,26.00027777777778,0.9865825097674895,1.0,0.9987072787683893,0.9615281888014017,77.0,61.0,65.66666666666667,2.0,2023-12-29 07:50:01,83.0,83.0,81.66666666666667,2023-12-28 15:20:01,16.0,12.0,13.802547770700636,16.0,19.5,10.0,0.4621309370988447,3.7,1055.6,341.09999999999997,17.59333333333333,207,0.8450519913312599,0.0,54.0,75,-6.0,-1.8171205928321397,-1.9459101490553132,-22.0,-2.802039330655387,-3.1354942159291497,-16.0,-2.5198420997897464,-2.833213344056216,Vincent,12.6,Spring Canyon,4A
SC6,SC6_20231230,SC6_20231229,2023-12-30,2023-12-29,15,16,2023-12-29 07:50:01,2023-12-30 16:50:02,33.000277777777775,0.9996603813571673,1.0,0.9989814900547976,1.0,70.0,69.05,68.66666666666667,53.0,2023-12-30 14:20:01,77.0,61.0,65.66666666666667,2023-12-29 07:50:01,16.0,11.0,13.507537688442211,13.0,19.5,7.0,1.0756825075834178,4.7,3047.1,1664.1,50.785,776,1.0169445330685007,2.0,55.0,76,-7.0,-1.912931182772389,-2.0794415416798357,8.049999999999997,2.004158016126915,2.2027647577118343,3.0,1.4422495703074083,1.3862943611198906,Vincent,12.6,Spring Canyon,4A
SC6,SC6_20231231,SC6_20231230,2023-12-31,2023-12-30,16,17,2023-12-30 14:20:01,2023-12-31 16:50:01,26.5,0.9932539082757311,1.0,0.9987421383647799,0.9811320754716981,26.0,26.0,26.0,0.0,2023-12-31 10:20:01,70.0,69.05,68.66666666666667,2023-12-30 14:20:01,16.0,10.0,12.7625,15.0,6.5,2.0,0.8367758186397984,4.1,1853.3000000000002,605.9,30.888333333333335,316,0.8568959401776585,1.0,4.0,77,-44.0,-3.530348335326063,-3.8066624897703196,-43.05,-3.5047554406311745,-3.7853253523821886,-42.66666666666667,-3.494321858945195,-3.776585034533042,Vincent,12.6,Spring Canyon,4A
SC6,SC6_20240101,SC6_20231231,2024-01-01,2023-12-31,17,18,2023-12-31 10:20:01,2024-01-01 17:00:01,30.666666666666668,0.9996375498051482,1.0,0.9989130434782608,1.0,165.0,164.0,127.33333333333333,237.0,2024-01-01 17:00:01,26.0,26.0,26.0,2023-12-31 10:20:01,18.0,8.0,12.01086956521739,13.0,23.5,16.5,0.7913492927094669,3.8,2023.8,307.3999999999999,33.73,187,0.6643982644021393,1.0,237.0,78,139.0,5.180101467380292,4.941642422609304,138.0,5.167649252363622,4.9344739331306915,101.33333333333333,4.662127104787245,4.628235458919088,Vincent,12.6,Spring Canyon,4A
SC6,SC6_20240102,SC6_20240101,2024-01-02,2024-01-01,18,19,2024-01-01 17:00:01,2024-01-02 17:20:01,24.333333333333332,0.9665149614538125,1.0,0.9986301369863013,0.904109589041096,144.0,137.0,138.33333333333334,332.0,2024-01-02 07:20:01,165.0,164.0,127.33333333333333,2024-01-01 17:00:01,17.0,6.0,10.889655172413793,14.0,15.0,2.5,0.8037722908093279,2.6,1571.1,63.80000000000001,26.185,64,0.4459353567975863,1.0,343.0,79,-21.0,-2.7589241763811203,-3.091042453358316,-27.0,-3.0,-3.332204510175204,11.000000000000014,2.2239800905693166,2.4849066497880017,Vincent,12.6,Spring Canyon,4A
SC6,SC6_20240103,SC6_20240102,2024-01-03,2024-01-02,19,20,2024-01-02 07:20:01,2024-01-03 17:20:01,34.0,0.9996730957596417,1.0,0.9990196078431373,1.0,79.0,79.0,77.66666666666667,408.0,2024-01-03 09:20:01,144.0,137.0,138.33333333333334,2024-01-02 07:20:01,17.0,6.0,12.565853658536586,7.0,16.0,2.5,1.339450441609421,5.9,3768.4,2527.7,62.806666666666665,892,1.187257089054777,1.0,740.0,80,-65.0,-4.020725758589058,-4.189654742026425,-58.0,-3.8708766406277966,-4.07753744390572,-60.66666666666667,-3.9293137781203566,-4.121743536410215,Vincent,12.6,Spring Canyon,4A
SC6,SC6_20240104,SC6_20240103,2024-01-04,2024-01-03,20,21,2024-01-03 09:20:01,2024-01-04 17:00:01,31.666666666666668,0.9996489996201654,1.0,0.9989473684210526,1.0,41.0,34.0,36.333333333333336,224.0,2024-01-04 15:30:01,79.0,79.0,77.66666666666667,2024-01-03 09:20:01,15.0,7.0,11.505263157894737,11.0,2.5,0.0,1.4239199157007378,5.3,3842.7000000000003,2313.1,64.045,890,0.927521269653235,1.5,572.0,81,-38.0,-3.361975406798963,-3.6635616461296463,-45.0,-3.5568933044900626,-3.828641396489095,-41.333333333333336,-3.4575367917605067,-3.7455747977904816,Vincent,12.6,Spring Canyon,4A
SC6,SC6_20240105,SC6_20240104,2024-01-05,2024-01-04,21,22,2024-01-04 15:30:01,2024-01-05 14:00:01,22.5,0.9447329632417664,1.0,0.9985185185185185,0.8444444444444444,31.0,31.0,30.666666666666668,149.0,2024-01-05 10:30:01,41.0,34.0,36.333333333333336,2024-01-04 15:30:01,16.0,7.0,10.816176470588236,13.0,7.0,1.0,0.9790059347181009,3.7,1758.9,134.9,29.315,105,0.4725726532485654,1.0,161.0,82,-10.0,-2.154434690031884,-2.3978952727983707,-3.0,-1.4422495703074083,-1.3862943611198906,-5.666666666666668,-1.7828270804131212,-1.8971199848858815,Vincent,12.6,Spring Canyon,4A
SC8,SC8_20240107,SC8_20240106,2024-01-07,2024-01-06,2,3,2024-01-06 06:50:01,2024-01-07 17:20:01,34.5,0.9995166746467988,1.0,0.9985507246376811,1.0,243.0,237.0,239.0,9.0,2024-01-07 06:50:01,264.0,252.95,256.3333333333333,2024-01-06 06:50:01,15.0,5.0,10.778846153846153,6.0,1.0,0.0,1.5554426705370104,8.7,4527.200000000001,3111.7999999999997,75.45333333333335,1080,1.236153237776496,2.0,10.0,84,-21.0,-2.7589241763811203,-3.091042453358316,-15.949999999999989,-2.5172145253086704,-2.8302678338264586,-17.333333333333314,-2.5879786922187678,-2.9087208965643603,Skyler,16.5,Spring Canyon,4A
SC8,SC8_20240108,SC8_20240107,2024-01-08,2024-01-07,3,4,2024-01-07 06:50:01,2024-01-08 17:20:01,34.5,0.9996778350292511,1.0,0.9990338164251208,1.0,242.0,242.0,242.0,32.0,2024-01-08 16:20:01,243.0,237.0,239.0,2024-01-07 06:50:01,16.0,4.0,9.29326923076923,6.0,2.5,0.5,1.3459864603481624,5.1,3899.1000000000004,1766.3000000000002,64.985,890,0.6313805956497032,1.5,41.0,85,-1.0,-1.0,-0.6931471805599453,5.0,1.7099759466766968,1.791759469228055,3.0,1.4422495703074083,1.3862943611198906,Skyler,16.5,Spring Canyon,4A
SC8,SC8_20240109,SC8_20240108,2024-01-09,2024-01-08,4,5,2024-01-08 16:20:01,2024-01-09 17:20:01,25.0,0.9997777283767637,1.0,0.9993333333333333,1.0,255.0,254.95,254.66666666666666,26.0,2024-01-09 08:50:01,242.0,242.0,242.0,2024-01-08 16:20:01,17.0,7.0,10.119205298013245,12.0,5.0,1.5,1.1592394929953302,3.4,2397.6000000000004,530.8,39.96000000000001,370,0.5316922457820555,1.5,26.0,86,13.0,2.3513346877207573,2.6390573296152584,12.949999999999989,2.3483162830063447,2.6354795082673736,12.666666666666657,2.331063552393622,2.6149597780361975,Skyler,16.5,Spring Canyon,4A
SC8,SC8_20240110,SC8_20240109,2024-01-10,2024-01-09,5,6,2024-01-09 08:50:01,2024-01-10 17:20:01,32.5,0.9996580027093064,1.0,0.9989743589743589,1.0,253.0,252.0,252.33333333333334,9.0,2024-01-10 08:20:01,255.0,254.95,254.66666666666666,2024-01-09 08:50:01,17.0,7.0,11.479591836734693,9.0,6.5,2.0,1.2210985626283366,4.9,3571.0000000000005,1741.1,59.51666666666667,804,0.7885276927989576,1.5,35.0,87,-2.0,-1.2599210498948732,-1.0986122886681098,-2.9499999999999886,-1.4341921420171202,-1.3737155789130275,-2.3333333333333144,-1.326352402632127,-1.2039728043259303,Skyler,16.5,Spring Canyon,4A
SC8,SC8_20240111,SC8_20240110,2024-01-11,2024-01-10,6,7,2024-01-10 08:20:01,2024-01-11 17:20:00,32.999722222222225,0.9996659911393573,1.0,0.9989983080665661,1.0,245.0,245.0,245.0,4.0,2024-01-11 06:50:01,253.0,252.0,252.33333333333334,2024-01-10 08:20:01,16.0,6.0,11.025125628140703,8.0,2.5,0.5,1.839989888776542,8.4,5265.0,3937.1,87.75,1255,1.365376941048001,2.0,13.0,88,-8.0,-2.0,-2.1972245773362196,-7.0,-1.912931182772389,-2.0794415416798357,-7.333333333333343,-1.9428255610838194,-2.1202635362000923,Skyler,16.5,Spring Canyon,4A
SC8,SC8_20240112,SC8_20240111,2024-01-12,2024-01-11,7,8,2024-01-11 06:50:01,2024-01-12 17:30:01,34.666666666666664,0.9996793843961076,1.0,0.9990384615384615,1.0,212.0,212.0,212.0,10.0,2024-01-12 15:30:01,245.0,245.0,245.0,2024-01-11 06:50:01,16.0,5.0,9.341346153846153,7.0,3.0,1.0,1.2313282001924928,4.3,3601.1000000000004,1119.8999999999999,60.01833333333334,710,0.5760974494299207,2.0,14.0,89,-33.0,-3.207534329995826,-3.5263605246161616,-33.0,-3.207534329995826,-3.5263605246161616,-33.0,-3.207534329995826,-3.5263605246161616,Skyler,16.5,Spring Canyon,4A
SC8,SC8_20240113,SC8_20240112,2024-01-13,2024-01-12,8,9,2024-01-12 15:30:01,2024-01-13 17:30:02,26.00027777777778,0.9997827186458736,1.0,0.9993482975609235,1.0,227.0,226.95,226.66666666666666,2.0,2024-01-13 07:30:01,212.0,212.0,212.0,2024-01-12 15:30:01,16.0,7.0,10.426751592356688,13.0,3.5,2.0,0.9849903784477229,4.3,2221.8,632.8,37.03,325,0.6677392464405622,1.5,2.0,90,15.0,2.46621207433047,2.772588722239781,14.949999999999989,2.4634687883351547,2.769458829230853,14.666666666666657,2.4478068206833203,2.7515353130419484,Skyler,16.5,Spring Canyon,4A
SC8,SC8_20240114,SC8_20240113,2024-01-14,2024-01-13,9,10,2024-01-13 07:30:01,2024-01-14 17:30:01,34.0,0.9996730957596417,1.0,0.9990196078431373,1.0,214.0,213.95,213.66666666666666,0.0,2024-01-14 11:30:01,227.0,226.95,226.66666666666666,2024-01-13 07:30:01,16.0,7.0,11.604878048780488,7.0,3.5,2.0,0.7338567222767418,4.3,2202.2,563.5999999999999,36.70333333333333,267,0.7548665673378716,1.0,2.0,91,-13.0,-2.3513346877207573,-2.6390573296152584,-13.0,-2.3513346877207573,-2.6390573296152584,-13.0,-2.3513346877207573,-2.6390573296152584,Skyler,16.5,Spring Canyon,4A
SC8,SC8_20240115,SC8_20240114,2024-01-15,2024-01-14,10,11,2024-01-14 11:30:01,2024-01-15 17:30:01,30.0,0.9996294923706802,1.0,0.9988888888888889,1.0,271.0,271.0,271.0,2.0,2024-01-15 16:00:01,214.0,213.95,213.66666666666666,2024-01-14 11:30:01,15.0,7.0,11.375690607734807,14.0,1.0,0.0,0.5554505005561735,3.2,1469.2,116.39999999999999,24.486666666666668,88,0.6370373446586907,1.0,2.0,92,57.0,3.8485011312768047,4.060443010546419,57.05000000000001,3.8496260951325407,4.061304708143901,57.33333333333334,3.855988506438502,4.0661736852554045,Skyler,16.5,Spring Canyon,4A
SC8,SC8_20240116,SC8_20240115,2024-01-16,2024-01-15,11,12,2024-01-15 16:00:01,2024-01-16 17:30:01,25.5,0.9995640801540053,1.0,0.9986928104575163,1.0,284.0,284.0,284.0,12.0,2024-01-16 16:30:01,271.0,271.0,271.0,2024-01-15 16:00:01,17.0,8.0,11.181818181818182,14.0,5.5,2.5,0.41361256544502617,3.0,916.0,52.800000000000004,15.266666666666667,41,0.5921443727564973,0.0,12.0,93,13.0,2.3513346877207573,2.6390573296152584,13.0,2.3513346877207573,2.6390573296152584,13.0,2.3513346877207573,2.6390573296152584,Skyler,16.5,Spring Canyon,4A
SC8,SC8_20240117,SC8_20240116,2024-01-17,2024-01-16,12,13,2024-01-16 16:30:01,2024-01-17 17:30:01,25.0,0.999555357878242,1.0,0.9986666666666667,1.0,293.0,288.0,289.6666666666667,5.0,2024-01-17 07:00:01,284.0,284.0,284.0,2024-01-16 16:30:01,17.0,11.0,12.589403973509933,13.0,15.5,9.0,0.6250333778371161,3.2,1303.2,89.60000000000001,21.720000000000002,72,0.5467876661938043,1.0,5.0,94,9.0,2.080083823051904,2.302585092994046,4.0,1.5874010519681994,1.6094379124341003,5.666666666666686,1.782827080413123,1.8971199848858842,Skyler,16.5,Spring Canyon,4A
SC8,SC8_20240118,SC8_20240117,2024-01-18,2024-01-17,13,14,2024-01-17 07:00:01,2024-01-18 17:20:01,34.333333333333336,0.9996762706151251,1.0,0.9990291262135922,1.0,61.0,53.0,53.666666666666664,22.0,2024-01-18 09:10:01,293.0,288.0,289.6666666666667,2024-01-17 07:00:01,17.0,6.0,11.892682926829268,12.0,28.5,12.0,0.6683673469387755,4.9,1943.6,334.7,32.39333333333333,202,0.7154523162387884,1.0,27.0,95,-232.0,-6.144633651371694,-5.4510384535657,-235.0,-6.171005792776717,-5.4638318050256105,-236.00000000000003,-6.179746605865644,-5.4680601411351315,Skyler,16.5,Spring Canyon,4A
SC8,SC8_20240119,SC8_20240118,2024-01-19,2024-01-18,14,15,2024-01-18 09:10:01,2024-01-19 17:20:01,32.166666666666664,0.9996544574707624,1.0,0.9989637305699482,1.0,24.0,24.0,20.333333333333332,0.0,2024-01-19 08:50:01,61.0,53.0,53.666666666666664,2024-01-18 09:10:01,18.0,9.0,12.844559585492227,11.0,28.0,24.0,1.159076763485477,7.0,3241.3,2257.3,54.02166666666667,789,1.3068035911165057,1.0,22.0,96,-37.0,-3.332221851645953,-3.6375861597263857,-29.0,-3.072316825685847,-3.4011973816621555,-33.33333333333333,-3.218297948685432,-3.536116699561526,Skyler,16.5,Spring Canyon,4A
SC8,SC8_20240120,SC8_20240119,2024-01-20,2024-01-19,15,16,2024-01-19 08:50:01,2024-01-20 17:20:01,32.5,0.9996580027093064,1.0,0.9989743589743589,1.0,4.0,4.0,4.0,0.0,2024-01-20 07:50:01,24.0,24.0,20.333333333333332,2024-01-19 08:50:01,18.0,12.0,13.964285714285714,12.0,30.0,28.0,2.102669404517454,7.0,5958.0,5461.299999999999,99.3,1753,1.01753716942579,3.0,0.0,97,-20.0,-2.7144176165949063,-3.044522437723423,-20.0,-2.7144176165949063,-3.044522437723423,-16.333333333333332,-2.5372208703400814,-2.8526314299133175,Skyler,16.5,Spring Canyon,4A
SC8,SC8_20240121,SC8_20240120,2024-01-21,2024-01-20,16,17,2024-01-20 07:50:01,2024-01-21 17:20:01,33.5,0.9996682149723293,1.0,0.9990049751243781,1.0,7.0,6.0,6.0,12.0,2024-01-21 11:50:01,4.0,4.0,4.0,2024-01-20 07:50:01,18.0,11.0,14.128712871287128,13.0,37.5,38.0,1.4955677290836655,6.6,4288.3,2944.3,71.47166666666666,1157,1.0672606853929463,2.0,12.0,98,3.0,1.4422495703074083,1.3862943611198906,2.0,1.2599210498948732,1.0986122886681098,2.0,1.2599210498948732,1.0986122886681098,Skyler,16.5,Spring Canyon,4A
SC8,SC8_20240122,SC8_20240121,2024-01-22,2024-01-21,17,18,2024-01-21 11:50:01,2024-01-22 17:20:01,29.5,0.9996232102130125,1.0,0.9988700564971752,1.0,23.0,6.0,11.666666666666666,19.0,2024-01-22 10:50:01,7.0,6.0,6.0,2024-01-21 11:50:01,18.0,12.0,14.589887640449438,17.0,37.5,40.5,2.054920814479638,8.2,5394.8,4412.900000000001,89.91333333333334,1223,1.5515581269930832,2.0,25.0,99,16.0,2.5198420997897464,2.833213344056216,0.0,0.0,0.0,5.666666666666666,1.782827080413121,1.8971199848858813,Skyler,16.5,Spring Canyon,4A
SC8,SC8_20240123,SC8_20240122,2024-01-23,2024-01-22,18,19,2024-01-22 10:50:01,2024-01-23 17:20:01,30.5,0.9996355684808468,1.0,0.9989071038251366,1.0,8.0,8.0,8.0,0.0,2024-01-23 13:50:01,23.0,6.0,11.666666666666666,2024-01-22 10:50:01,17.0,11.0,13.298913043478262,17.0,20.5,16.0,1.1885667396061268,4.1,3211.7000000000003,1509.6,53.528333333333336,800,0.7466332999517492,2.0,19.0,100,-15.0,-2.46621207433047,-2.772588722239781,2.0,1.2599210498948732,1.0986122886681098,-3.666666666666666,-1.5420216697275804,-1.5404450409471488,Skyler,16.5,Spring Canyon,4A
SC8,SC8_20240124,SC8_20240123,2024-01-24,2024-01-23,19,20,2024-01-23 13:50:01,2024-01-24 17:20:01,27.5,0.9995957962372908,1.0,0.9987878787878788,1.0,9.0,9.0,9.0,0.0,2024-01-24 10:20:01,8.0,8.0,8.0,2024-01-23 13:50:01,17.0,11.0,12.590361445783133,15.0,6.0,6.5,0.5133495145631068,4.1,1314.9,498.9,21.915000000000003,239,0.9299125990449434,0.0,0.0,101,1.0,1.0,0.6931471805599453,1.0,1.0,0.6931471805599453,1.0,1.0,0.6931471805599453,Skyler,16.5,Spring Canyon,4A
SC8,SC8_20240125,SC8_20240124,2024-01-25,2024-01-24,20,21,2024-01-24 10:20:01,2024-01-25 17:50:01,31.5,0.9998236020425567,1.0,0.9994708994708995,1.0,37.0,36.099999999999994,36.0,33.0,2024-01-25 11:50:01,9.0,9.0,9.0,2024-01-24 10:20:01,18.0,12.0,12.973684210526315,12.0,8.0,8.5,0.549602964531498,4.1,1547.1000000000001,791.0,25.785000000000004,343,0.9949362600307109,0.0,33.0,102,28.0,3.0365889718756622,3.367295829986474,27.099999999999994,3.0036991406152094,3.3357695763397,27.0,3.0,3.332204510175204,Skyler,16.5,Spring Canyon,4A
SC8,SC8_20240126,SC8_20240125,2024-01-26,2024-01-25,21,22,2024-01-25 11:50:01,2024-01-26 17:20:01,29.5,0.9996232102130125,1.0,0.9988700564971752,1.0,41.0,41.0,41.0,43.0,2024-01-26 09:50:01,37.0,36.099999999999994,36.0,2024-01-25 11:50:01,21.0,7.0,13.162921348314606,14.0,31.0,67.5,0.9192307692307691,4.1,2297.2,874.5999999999999,38.28666666666666,419,0.8723635794680573,1.0,55.0,103,4.0,1.5874010519681994,1.6094379124341003,4.900000000000006,1.6984992522418112,1.7749523509116747,5.0,1.7099759466766968,1.791759469228055,Skyler,16.5,Spring Canyon,4A
SC9,SC9_20240129,SC9_20240128,2024-01-29,2024-01-28,2,3,2024-01-28 16:00:01,2024-01-29 17:00:01,25.0,0.3419951893353394,1.0,0.04,1.0,1.0,1.0,1.0,3.0,2024-01-29 14:30:01,31.0,18.29999999999999,18.333333333333332,2024-01-28 16:00:01,33.0,11.0,18.70860927152318,20.0,57.0,322.0,0.0,0.0,0.0,0.0,0.0,0,0.0,0.0,29.0,106,-30.0,-3.1072325059538586,-3.4339872044851463,-17.29999999999999,-2.586318666944673,-2.9069010598473746,-17.333333333333332,-2.5879786922187686,-2.908720896564361,Vincent,6.7,Spring Canyon,9A
