deployment_id,deployment_day_id_t,deployment_day_id_t_1,date_t,date_t_1,observation_order_t,day_sequence,window_start,window_end,lag_duration_hours,metrics_complete,temp_data_coverage,wind_data_coverage,butterfly_data_coverage,max_butterflies_t,butterflies_95th_percentile_t,butterflies_top3_mean_t,sum_butterflies_direct_sun_t,time_of_max_t,max_butterflies_t_1,butterflies_95th_percentile_t_1,butterflies_top3_mean_t_1,time_of_max_t_1,temp_max,temp_min,temp_mean,temp_at_max_count_t_1,hours_above_15C,degree_hours_above_15C,wind_avg_sustained,wind_max_gust,wind_gust_sum,wind_gust_sum_above_2ms,wind_gust_hours,wind_minutes_above_2ms,wind_gust_sd,wind_mode_gust,sum_butterflies_direct_sun,days_since_oct15_t,butterfly_diff,butterfly_diff_cbrt,butterfly_diff_log,butterfly_diff_95th,butterfly_diff_95th_cbrt,butterfly_diff_95th_log,butterfly_diff_top3,butterfly_diff_top3_cbrt,butterfly_diff_top3_log,Observer,horizontal_dist_to_cluster_m,grove,view_id
SC1,SC1_20231119,SC1_20231118,2023-11-19,2023-11-18,2,3,2023-11-18T06:30:02Z,2023-11-19T06:30:02Z,24,0.985685343022932,1,0.9993055555555556,0.9583333333333334,21,20.9,20.333333333333332,5,2023-11-19T07:30:01Z,56,55.95,55.666666666666664,2023-11-18T06:30:02Z,18,13,15.602076124567477,16,116.5,118.5,0.8557331480194579,4.9,1862.9000000000003,1299.8,31.04833333333334,455,1.2943919157654606,0,0,35,-35,-3.2710663101885897,-3.58351893845611,-35.050000000000004,-3.272623219662218,-3.584906863730958,-35.33333333333333,-3.2814178548547828,-3.592735593561034,Skyler,4.2,Spring Canyon,1A
SC1,SC1_20231120,SC1_20231119,2023-11-20,2023-11-19,3,4,2023-11-19T07:30:01Z,2023-11-20T07:30:01Z,24,0.970962844034495,1,0.9986111111111112,0.9166666666666666,5,5,5,3,2023-11-20T06:30:01Z,21,20.9,20.333333333333332,2023-11-19T07:30:01Z,21,8,13.328125,11,34,59.5,0.8356745479833102,4.5,2101.7000000000003,865.4,35.028333333333336,498,0.8346795136839147,2,5,36,-16,-2.5198420997897464,-2.833213344056216,-15.9,-2.514581453799839,-2.8273136219290276,-15.333333333333332,-2.484346637906945,-2.793208009442517,Skyler,4.2,Spring Canyon,1A
SC10,SC10_20240107,SC10_20240106,2024-01-07,2024-01-06,2,3,2024-01-06T16:06:04Z,2024-01-07T16:06:04Z,24,0.985685343022932,1,0.9993055555555556,0.9583333333333334,78,77,74.66666666666667,104,2024-01-07T15:36:04Z,39,29.9,32.333333333333336,2024-01-06T16:06:04Z,19,5,11.213793103448277,13,14,33.5,1.6514246004169564,7,3232.6000000000004,2404.7,53.87666666666667,815,1.263766768679003,1,104,84,39,3.3912114430141664,3.688879454113936,47.1,3.611383718188403,3.873282177111715,42.333333333333336,3.485198261658764,3.7689221617874726,Emery,7.5,Spring Canyon,2A
SC10,SC10_20240108,SC10_20240107,2024-01-08,2024-01-07,3,4,2024-01-07T15:36:04Z,2024-01-08T15:36:04Z,24,0.970962844034495,1,0.9986111111111112,0.9166666666666666,130,127,128,176,2024-01-08T15:06:04Z,78,77,74.66666666666667,2024-01-07T15:36:04Z,19,3,9.048275862068966,15,15,43,0.7863004172461752,4.7,1597.2,959.6999999999998,26.62,437,1.0688657339437528,0,176,85,52,3.732511156817248,3.970291913552122,50,3.6840314986403864,3.9318256327243257,53.33333333333333,3.7641441155241138,3.9951379121386528,Emery,7.5,Spring Canyon,2A
SC10,SC10_20240109,SC10_20240108,2024-01-09,2024-01-08,4,5,2024-01-08T15:06:04Z,2024-01-09T15:06:04Z,24,0.9711878644003804,1,0.9993055555555556,0.9166666666666666,148,145,144.66666666666666,416,2024-01-09T16:36:04Z,130,127,128,2024-01-08T15:06:04Z,19,5,10.179310344827586,18,16,42,0.7550382209867964,3.7,1502.4,660.1,25.040000000000003,330,0.913074061275724,0,416,86,18,2.6207413942088964,2.9444389791664403,18,2.6207413942088964,2.9444389791664403,16.666666666666657,2.5543647746451765,2.8716796248840115,Emery,7.5,Spring Canyon,2A
SC10,SC10_20240110,SC10_20240109,2024-01-10,2024-01-09,5,6,2024-01-09T16:36:04Z,2024-01-10T16:36:04Z,24,0.970962844034495,1,0.9986111111111112,0.9166666666666666,282,180,197,385,2024-01-10T08:36:04Z,148,145,144.66666666666666,2024-01-09T16:36:04Z,18,6,11.46896551724138,13,12,23.5,1.4376216968011128,4.3,2862.1000000000004,1813.8,47.701666666666675,861,0.738868042708215,2,385,87,134,5.117229946912048,4.90527477843843,35,3.2710663101885897,3.58351893845611,52.33333333333334,3.740469626875839,3.9765615265657175,Emery,7.5,Spring Canyon,2A
SC10,SC10_20240111,SC10_20240110,2024-01-11,2024-01-10,6,7,2024-01-10T08:36:04Z,2024-01-11T08:36:04Z,24,0.970962844034495,1,0.9986111111111112,0.9166666666666666,306,220,245.66666666666663,456,2024-01-11T14:36:04Z,282,180,197,2024-01-10T08:36:04Z,18,5,11.393103448275864,8,12,23.5,2.163977746870654,7.4,4234.7,3706.9,70.57833333333333,1165,1.253064974267989,3,385,88,24,2.8844991406148166,3.218875824868201,40,3.4199518933533937,3.713572066704308,48.66666666666666,3.6509890774653457,3.905334017277349,Emery,7.5,Spring Canyon,2A
SC10,SC10_20240112,SC10_20240111,2024-01-12,2024-01-11,7,8,2024-01-11T14:36:04Z,2024-01-12T14:36:04Z,24,0.970962844034495,1,0.9986111111111112,0.9166666666666666,770,476.5999999999999,548,387,2024-01-12T16:06:04Z,306,220,245.66666666666663,2024-01-11T14:36:04Z,18,3,8.917241379310346,17,14,30,0.8073713490959666,4.1,1635.8000000000002,578.4000000000001,27.263333333333335,318,0.8337655873740268,1,387,89,464,7.741753281255592,6.142037405587356,256.5999999999999,6.354560965707688,5.551407994230198,302.33333333333337,6.711640367144318,5.7148323108427865,Emery,7.5,Spring Canyon,2A
SC10,SC10_20240113,SC10_20240112,2024-01-13,2024-01-12,8,9,2024-01-12T16:06:04Z,2024-01-13T16:06:04Z,24,0.985685343022932,1,0.9993055555555556,0.9583333333333334,497,420.55,443.3333333333333,1122,2024-01-13T14:36:04Z,770,476.5999999999999,548,2024-01-12T16:06:04Z,21,5,10.63448275862069,13,16,45,0.7761640027797082,3.2,1590.8,740.1999999999999,26.513333333333332,445,0.9917555239049743,0,1122,90,-273,-6.48715411671635,-5.6131281063880705,-56.0499999999999,-3.827000676342544,-4.043928076308083,-104.66666666666669,-4.712696419393292,-4.660289485209171,Emery,7.5,Spring Canyon,2A
SC10,SC10_20240114,SC10_20240113,2024-01-14,2024-01-13,9,10,2024-01-13T14:36:04Z,2024-01-14T14:36:04Z,24,0.985685343022932,1,0.9993055555555556,0.9583333333333334,500,499,499,0,2024-01-14T08:06:04Z,497,420.55,443.3333333333333,2024-01-13T14:36:04Z,19,8,11.248275862068963,19,4,10.5,0.4501042390548991,2.6,947.2,90.60000000000004,15.786666666666664,66,0.6370349849502737,0,42,91,3,1.4422495703074083,1.3862943611198906,78.44999999999999,4.280859582207425,4.375127892982725,55.666666666666686,3.8182562572811785,4.037186148382152,Emery,7.5,Spring Canyon,2A
SC10,SC10_20240115,SC10_20240114,2024-01-15,2024-01-14,10,11,2024-01-14T08:06:04Z,2024-01-15T08:06:04Z,24,0.9711878644003804,1,0.9993055555555556,0.9166666666666666,397,283.44999999999993,294,373,2024-01-15T08:26:04Z,500,499,499,2024-01-14T08:06:04Z,14,6,10.755244755244757,10,0,0,0.36435024322446147,2.2,766.6,4.4,12.776666666666667,10,0.5909189743938335,0,0,92,-103,-4.687548147653597,-4.6443908991413725,-215.55000000000007,-5.995830436461176,-5.377821467660636,-205,-5.896368539970366,-5.327876168789581,Emery,7.5,Spring Canyon,2A
SC10,SC10_20240116,SC10_20240115,2024-01-16,2024-01-15,11,12,2024-01-15T08:26:04Z,2024-01-16T08:26:04Z,24,0.985685343022932,1,0.9993055555555556,0.9583333333333334,79,68.9,71.66666666666667,145,2024-01-16T07:26:04Z,397,283.44999999999993,294,2024-01-15T08:26:04Z,20,7,11.848275862068965,9,16,40.5,0.1924252953439889,2.2,403.1,4.4,6.718333333333334,6,0.517531033842916,0,373,93,-318,-6.825624196557114,-5.765191102784844,-214.54999999999993,-5.986543918947491,-5.373192901193144,-222.33333333333331,-6.058077986009074,-5.408665423716902,Emery,7.5,Spring Canyon,2A
SC10,SC10_20240117,SC10_20240116,2024-01-17,2024-01-16,12,13,2024-01-16T07:26:04Z,2024-01-17T07:26:04Z,24,0.985685343022932,1,0.9993055555555556,0.9583333333333334,5,4,4.333333333333333,2,2024-01-17T16:26:04Z,79,68.9,71.66666666666667,2024-01-16T07:26:04Z,20,8,12.33793103448276,8,13,39.5,0.2686587908269632,2.2,582.9000000000001,2.2,9.715000000000002,16,0.609939101441787,0,145,94,-74,-4.198336453808407,-4.31748811353631,-64.9,-4.0186627896488725,-4.188138441508461,-67.33333333333334,-4.068272530108637,-4.2243976904702984,Emery,7.5,Spring Canyon,2A
SC10,SC10_20240118,SC10_20240117,2024-01-18,2024-01-17,13,14,2024-01-17T16:26:04Z,2024-01-18T16:26:04Z,24,0.985685343022932,1,0.9993055555555556,0.9583333333333334,5,4,4.333333333333333,14,2024-01-18T08:26:04Z,5,4,4.333333333333333,2024-01-17T16:26:04Z,19,6,10.93103448275862,12,18,30.5,0.28471160528144546,4.1,717.3000000000001,145.9,11.955000000000002,84,0.7265272803680726,0,14,95,0,0,0,0,0,0,0,0,0,Emery,7.5,Spring Canyon,2A
SC10,SC10_20240119,SC10_20240118,2024-01-19,2024-01-18,14,15,2024-01-18T08:26:04Z,2024-01-19T08:26:04Z,24,0.985685343022932,1,0.9993055555555556,0.9583333333333334,0,0,0,0,2024-01-19T06:56:04Z,5,4,4.333333333333333,2024-01-18T08:26:04Z,19,8,12.186206896551724,9,18,30.5,0.40840861709520504,4.3,1057,349.29999999999995,17.616666666666667,181,0.8859565238934759,0,14,96,-5,-1.7099759466766968,-1.791759469228055,-4,-1.5874010519681994,-1.6094379124341005,-4.333333333333333,-1.630324415502916,-1.6739764335716716,Emery,7.5,Spring Canyon,2A
SC10,SC10_20240122,SC10_20240121,2024-01-22,2024-01-21,17,18,2024-01-21T06:56:04Z,2024-01-22T06:56:04Z,24,0.985685343022932,1,0.9993055555555556,0.9583333333333334,4,3,3.3333333333333335,0,2024-01-22T12:56:04Z,0,0,0,2024-01-21T06:56:04Z,23,12,15.089655172413794,13,22.5,89,1.7010423905489924,7.2,4050.9,3486.3,67.515,1146,1.191107164213566,2,0,99,4,1.5874010519681994,1.6094379124341005,3,1.4422495703074083,1.3862943611198906,3.3333333333333335,1.4938015821857216,1.4663370687934272,Emery,7.5,Spring Canyon,2A
SC10,SC10_20240123,SC10_20240122,2024-01-23,2024-01-22,18,19,2024-01-22T12:56:04Z,2024-01-23T12:56:04Z,24,0.985685343022932,1,0.9993055555555556,0.9583333333333334,357,245.95,282.6666666666667,265,2024-01-23T16:26:04Z,4,3,3.3333333333333335,2024-01-22T12:56:04Z,19,11,12.820689655172414,14,10,20,1.225990271021543,3.4,2404,662.6,40.06666666666667,432,0.4983467619428199,1.5,71,100,353,7.067376614721954,5.869296913133774,242.95,6.239823439010384,5.496963286261846,279.33333333333337,6.536936325402582,5.635979371304838,Emery,7.5,Spring Canyon,2A
SC10,SC10_20240124,SC10_20240123,2024-01-24,2024-01-23,19,20,2024-01-23T16:26:04Z,2024-01-24T16:26:04Z,24,0.9854569636489042,1,0.9986111111111112,0.9583333333333334,309,299.9,302.3333333333333,0,2024-01-24T16:26:04Z,357,245.95,282.6666666666667,2024-01-23T16:26:04Z,14,11,12.03448275862069,14,0,0,0.5177329624478443,3.8,1075.8,345.9,17.93,180,0.8597186551088797,0,12,101,-48,-3.634241185664279,-3.8918202981106265,53.94999999999999,3.778596195874829,4.00642368084963,19.66666666666663,2.6992529559523355,3.02852209637698,Emery,7.5,Spring Canyon,2A
SC10,SC10_20240125,SC10_20240124,2024-01-25,2024-01-24,20,21,2024-01-24T16:26:04Z,2024-01-25T16:26:04Z,24,0.985685343022932,1,0.9993055555555556,0.9583333333333334,270,266.7,260,406,2024-01-25T09:56:04Z,309,299.9,302.3333333333333,2024-01-24T16:26:04Z,20,11,13.372413793103448,14,15,44,0.492911744266852,3.2,991.3,444.6,16.52166666666667,271,0.9447174330396574,0,406,102,-39,-3.3912114430141664,-3.688879454113936,-33.19999999999999,-3.214001150587008,-3.5322256440685593,-42.333333333333314,-3.4851982616587636,-3.768922161787472,Emery,7.5,Spring Canyon,2A
SC10,SC10_20240126,SC10_20240125,2024-01-26,2024-01-25,21,22,2024-01-25T09:56:04Z,2024-01-26T09:56:04Z,24,0.985685343022932,1,0.9993055555555556,0.9583333333333334,137,96.9,109.66666666666669,178,2024-01-26T09:26:04Z,270,266.7,260,2024-01-25T09:56:04Z,20,6,11.79310344827586,13,17,46,0.5462126476719944,3.2,1139.6,463.4,18.993333333333336,285,0.9216174067258232,0,451,103,-133,-5.104468722001463,-4.897839799950911,-169.79999999999998,-5.53748498926711,-5.14049328135447,-150.33333333333331,-5.317225706598407,-5.019484909373238,Emery,7.5,Spring Canyon,2A
SC10,SC10_20240127,SC10_20240126,2024-01-27,2024-01-26,22,23,2024-01-26T09:26:04Z,2024-01-27T09:26:04Z,24,0.9854569636489042,1,0.9986111111111112,0.9583333333333334,0,0,0,0,2024-01-27T06:56:04Z,137,96.9,109.66666666666669,2024-01-26T09:26:04Z,24,9,14.875862068965516,15,28,131.5,0.18970792767732964,2.4,440.19999999999993,16.400000000000002,7.336666666666665,13,0.5404746409017595,0,142,104,-137,-5.155136735475772,-4.927253685157205,-96.9,-4.5931214142922085,-4.583946549536464,-109.66666666666669,-4.786575142073452,-4.706522680248379,Emery,7.5,Spring Canyon,2A
SC12,SC12_20240129,SC12_20240128,2024-01-29,2024-01-28,2,3,2024-01-28T07:30:00Z,2024-01-29T07:30:00Z,24,0.9714127805419094,1,1,0.9166666666666666,159,70.04999999999997,88,140,2024-01-29T17:00:01Z,37,27.749999999999996,29.333333333333332,2024-01-28T07:30:00Z,29,12,17.57638888888889,15,56.5,217.5,0.8984027777777778,3,1748.1,512.3999999999999,29.135,309,0.7578954060360958,1,49,106,122,4.9596756638423,4.812184355372417,42.29999999999997,3.4842832712618543,3.7681526350084433,58.66666666666667,3.885651122167637,4.088773517172646,Vincent,12.6,Spring Canyon,4A
SC12,SC12_20240130,SC12_20240129,2024-01-30,2024-01-29,3,4,2024-01-29T17:00:01Z,2024-01-30T17:00:01Z,24,0.985685343022932,1,0.9993055555555556,0.9583333333333334,143,138.7,138.33333333333334,584,2024-01-30T10:30:01Z,159,70.04999999999997,88,2024-01-29T17:00:01Z,19,8,12.517241379310343,16,18.5,19.5,0.8550382209867965,3.4,1608.4,165.99999999999997,26.80666666666667,123,0.6267995643016756,1,599,107,-16,-2.5198420997897464,-2.833213344056216,68.65000000000002,4.094619155818753,4.243482700225815,50.33333333333334,3.6922001096384265,3.938340313745519,Vincent,12.6,Spring Canyon,4A
SC12,SC12_20240131,SC12_20240130,2024-01-31,2024-01-30,4,5,2024-01-30T10:30:01Z,2024-01-31T10:30:01Z,24,0.985685343022932,1,0.9993055555555556,0.9583333333333334,149,129.09999999999994,112.33333333333331,18,2024-01-31T09:30:01Z,143,138.7,138.33333333333334,2024-01-30T10:30:01Z,19,8,12.104166666666666,14,12.5,19,0.6785962473940236,4.1,1385.7,217.49999999999997,23.095,154,0.7398435108480289,0,206,108,6,1.8171205928321397,1.9459101490553132,-9.600000000000051,-2.125317138365226,-2.3608540011180263,-26.000000000000018,-2.9624960684073707,-3.2958368660043296,Vincent,12.6,Spring Canyon,4A
SC12,SC12_20240201,SC12_20240131,2024-02-01,2024-01-31,5,6,2024-01-31T09:30:01Z,2024-02-01T09:30:01Z,24,0.9854569636489042,1,0.9986111111111112,0.9583333333333334,29,26,27,68,2024-02-01T15:30:01Z,149,129.09999999999994,112.33333333333331,2024-01-31T09:30:01Z,16,10,12.79310344827586,13,9,1,2.1639082058414463,12.8,4987.200000000001,4511.3,83.12000000000002,964,2.593217060874786,3,19,109,-120,-4.93242414866094,-4.795790545596741,-103.09999999999994,-4.689064662850841,-4.6453519756209225,-85.33333333333333,-4.402569665192835,-4.458215773031428,Vincent,12.6,Spring Canyon,4A
SC12,SC12_20240202,SC12_20240201,2024-02-02,2024-02-01,6,7,2024-02-01T15:30:01Z,2024-02-02T15:30:01Z,24,0.985685343022932,1,0.9993055555555556,0.9583333333333334,35,32.64999999999999,31.333333333333332,202,2024-02-02T08:00:01Z,29,26,27,2024-02-01T15:30:01Z,16,6,10.517241379310343,15,3,0.5,1.057539958304378,5.5,2015.6,1263.2999999999995,33.593333333333334,514,1.0894612444918037,0,200,110,6,1.8171205928321397,1.9459101490553132,6.6499999999999915,1.880502355567802,2.0347056478384435,4.333333333333332,1.630324415502916,1.6739764335716714,Vincent,12.6,Spring Canyon,4A
SC12,SC12_20240203,SC12_20240202,2024-02-03,2024-02-02,7,8,2024-02-02T08:00:01Z,2024-02-03T08:00:01Z,24,0.985685343022932,1,0.9993055555555556,0.9583333333333334,26,25.59999999999999,23.333333333333332,22,2024-02-03T11:30:01Z,35,32.64999999999999,31.333333333333332,2024-02-02T08:00:01Z,16,5,9.758620689655173,8,1.5,0.5,1.037109103544128,4.1,1992.8,964.9,33.21333333333334,411,0.9161697429124324,1,205,111,-9,-2.080083823051904,-2.302585092994046,-7.049999999999997,-1.9174749793745376,-2.085672091430472,-8,-2,-2.1972245773362196,Vincent,12.6,Spring Canyon,4A
SC4,SC4_20231205,SC4_20231204,2023-12-05,2023-12-04,2,3,2023-12-04T09:30:01Z,2023-12-05T09:30:01Z,24,0.9711878644003804,1,0.9993055555555556,0.9166666666666666,193,187,188.33333333333337,104,2023-12-05T07:00:01Z,569,497,465,2023-12-04T09:30:01Z,24,10,16.282758620689656,19,43.5,162,0.4423905489923558,2.6,906,93.6,15.1,87,0.7250815858455323,0,377,51,-376,-7.217652160277389,-5.932245187448011,-310,-6.767899452107007,-5.739792912179234,-276.66666666666663,-6.516068070625169,-5.626421353498733,Kevin,6.3,Spring Canyon,2A
SC4,SC4_20231206,SC4_20231205,2023-12-06,2023-12-05,3,4,2023-12-05T07:00:01Z,2023-12-06T07:00:01Z,24,0.9854569636489042,1,0.9986111111111112,0.9583333333333334,6,4.849999999999998,4.333333333333333,0,2023-12-06T15:30:01Z,193,187,188.33333333333337,2023-12-05T07:00:01Z,30,9,15.875862068965516,13,26.5,255,0.16780250347705147,2.6,377.3,19.200000000000003,6.288333333333333,18,0.4858002216912931,0,104,52,-187,-5.718479064871316,-5.236441962829949,-182.15,-5.668607562750467,-5.210305489224823,-184,-5.68773395970313,-5.220355825078324,Kevin,6.3,Spring Canyon,2A
SC4,SC4_20231207,SC4_20231206,2023-12-07,2023-12-06,4,5,2023-12-06T15:30:01Z,2023-12-07T15:30:01Z,24,0.9854569636489042,1,0.9986111111111112,0.9583333333333334,184,169.9,174,80,2023-12-07T16:00:01Z,6,4.849999999999998,4.333333333333333,2023-12-06T15:30:01Z,20,9,13.482758620689657,18,22.5,66.5,0.8767037552155772,4.3,1793.2,1138,29.886666666666667,482,1.17651045718049,0,80,53,178,5.6252263283418555,5.187385805840755,165.05,5.485360517344216,5.112288947822756,169.66666666666666,5.536035196037014,5.139712336371398,Kevin,6.3,Spring Canyon,2A
SC4,SC4_20231208,SC4_20231207,2023-12-08,2023-12-07,5,6,2023-12-07T16:00:01Z,2023-12-08T16:00:01Z,24,0.9711878644003804,1,0.9993055555555556,0.9166666666666666,337,268,290.3333333333333,547,2023-12-08T15:00:01Z,184,169.9,174,2023-12-07T16:00:01Z,20,9,12.862068965517242,14,20,49.5,1.5328005559416262,4.1,3104.4000000000005,2023.8,51.74000000000001,948,0.6155609362698689,2,547,54,153,5.348481241239363,5.0369526024136295,98.1,4.612003934577097,4.596129441335942,116.33333333333331,4.88166594857283,4.765018886929988,Kevin,6.3,Spring Canyon,2A
SC4,SC4_20231209,SC4_20231208,2023-12-09,2023-12-08,6,7,2023-12-08T15:00:01Z,2023-12-09T15:00:01Z,24,0.970962844034495,1,0.9986111111111112,0.9166666666666666,257,248,244.66666666666663,199,2023-12-09T07:30:01Z,337,268,290.3333333333333,2023-12-08T15:00:01Z,26,4,12.4,19,21.5,143.5,0.5794158553546592,3.8,1228.5,372.1,20.475,206,0.8642550899030697,0,201,55,-80,-4.308869380063767,-4.394449154672439,-20,-2.7144176165949063,-3.044522437723423,-45.66666666666666,-3.5743721763612517,-3.8430301339411943,Kevin,6.3,Spring Canyon,2A
SC4,SC4_20231210,SC4_20231209,2023-12-10,2023-12-09,7,8,2023-12-09T07:30:01Z,2023-12-10T07:30:01Z,24,0.9711878644003804,1,0.9993055555555556,0.9166666666666666,28,19,21.666666666666668,19,2023-12-10T15:00:01Z,257,248,244.66666666666663,2023-12-09T07:30:01Z,26,6,12.26896551724138,8,23,152,0.1213342599027102,2,270.5,0,4.508333333333334,1,0.40299816508622144,0,199,56,-229,-6.11803317263662,-5.438079308923196,-229,-6.11803317263662,-5.438079308923196,-223,-6.064126994506963,-5.41164605185504,Kevin,6.3,Spring Canyon,2A
SC4,SC4_20231211,SC4_20231210,2023-12-11,2023-12-10,8,9,2023-12-10T15:00:01Z,2023-12-11T15:00:01Z,24,0.9711878644003804,1,0.9993055555555556,0.9166666666666666,37,27,26.333333333333332,16,2023-12-11T17:00:01Z,28,19,21.666666666666668,2023-12-10T15:00:01Z,23,7,14.151724137931035,20,23,122.5,0.32870048644892286,2.6,755.8000000000001,36.8,12.596666666666668,44,0.644056112845746,0,16,57,9,2.080083823051904,2.302585092994046,8,2,2.1972245773362196,4.666666666666664,1.6710993116548611,1.734601055388106,Kevin,6.3,Spring Canyon,2A
SC4,SC4_20231212,SC4_20231211,2023-12-12,2023-12-11,9,10,2023-12-11T17:00:01Z,2023-12-12T17:00:01Z,24,0.970962844034495,1,0.9986111111111112,0.9166666666666666,54,45,48,82,2023-12-12T08:30:01Z,37,27,26.333333333333332,2023-12-11T17:00:01Z,23,5,12.26206896551724,13,22,120,0.34951321279554937,2.8,757.5,74.6,12.625,60,0.6577831372102616,0,82,58,17,2.571281590658235,2.8903717578961645,18,2.6207413942088964,2.9444389791664403,21.666666666666668,2.7878155357897314,3.120895416507997,Kevin,6.3,Spring Canyon,2A
SC4,SC4_20231213,SC4_20231212,2023-12-13,2023-12-12,10,11,2023-12-12T08:30:01Z,2023-12-13T08:30:01Z,24,0.970962844034495,1,0.9986111111111112,0.9166666666666666,18,16,16.666666666666668,9,2023-12-13T15:00:01Z,54,45,48,2023-12-12T08:30:01Z,23,4,11.372413793103448,8,22,120,0.24457579972183585,2.8,524.5,74.6,8.741666666666667,60,0.6733842771324302,0,84,59,-36,-3.3019272488946263,-3.610917912644224,-29,-3.072316825685847,-3.4011973816621555,-31.333333333333332,-3.152599964240036,-3.476098689835273,Kevin,6.3,Spring Canyon,2A
SC4,SC4_20231214,SC4_20231213,2023-12-14,2023-12-13,11,12,2023-12-13T15:00:01Z,2023-12-14T15:00:01Z,24,0.970962844034495,1,0.9986111111111112,0.9166666666666666,5,5,4.333333333333333,2,2023-12-14T07:00:01Z,18,16,16.666666666666668,2023-12-13T15:00:01Z,28,6,12.744827586206895,19,22,176,0.3575799721835883,4.1,785.5,113.1,13.091666666666669,69,0.6316929577942513,0,2,60,-13,-2.3513346877207573,-2.6390573296152584,-11,-2.2239800905693152,-2.4849066497880004,-12.333333333333336,-2.3104335894762698,-2.5902671654458267,Kevin,6.3,Spring Canyon,2A
SC4,SC4_20231215,SC4_20231214,2023-12-15,2023-12-14,12,13,2023-12-14T07:00:01Z,2023-12-15T07:00:01Z,24,0.970962844034495,1,0.9986111111111112,0.9166666666666666,0,0,0,0,2023-12-15T07:00:01Z,5,5,4.333333333333333,2023-12-14T07:00:01Z,28,6,13.703448275862067,7,24.5,198.5,0.29596662030598053,4.1,706.0000000000001,152.29999999999993,11.76666666666667,113,0.7224804927431061,0,2,61,-5,-1.7099759466766968,-1.791759469228055,-5,-1.7099759466766968,-1.791759469228055,-4.333333333333333,-1.630324415502916,-1.6739764335716716,Kevin,6.3,Spring Canyon,2A
SC4,SC4_20231216,SC4_20231215,2023-12-16,2023-12-15,13,14,2023-12-15T07:00:01Z,2023-12-16T07:00:01Z,24,0.9564655913861946,1,1,0.875,150,129,127.66666666666669,2,2023-12-16T16:20:01Z,0,0,0,2023-12-15T07:00:01Z,32,7,15.307692307692308,8,28,237,0.40097222222222223,4.1,981.2,180.99999999999997,16.353333333333335,100,0.7323466628740853,0,0,62,150,5.313292845913055,5.017279836814924,129,5.05277434720856,4.867534450455582,127.66666666666669,5.035305670703076,4.857225080796721,Kevin,6.3,Spring Canyon,2A
SC4,SC4_20231217,SC4_20231216,2023-12-17,2023-12-16,14,15,2023-12-16T16:20:01Z,2023-12-17T16:20:01Z,24,0.9711878644003804,1,0.9993055555555556,0.9166666666666666,135,135,132,48,2023-12-17T07:50:01Z,150,129,127.66666666666669,2023-12-16T16:20:01Z,30,10,16.317241379310346,17,36.5,173.5,0.1708825573314802,3.4,395.9,25.4,6.598333333333333,15,0.5097582901801724,0,48,63,-15,-2.46621207433047,-2.772588722239781,6,1.8171205928321397,1.9459101490553132,4.333333333333329,1.6303244155029155,1.6739764335716707,Kevin,6.3,Spring Canyon,2A
SC4,SC4_20231218,SC4_20231217,2023-12-18,2023-12-17,15,16,2023-12-17T07:50:01Z,2023-12-18T07:50:01Z,24,0.95624413604339,1,0.9993055555555556,0.875,8,7.050000000000001,7.333333333333333,0,2023-12-18T07:50:01Z,135,135,132,2023-12-17T07:50:01Z,30,13,18.958620689655177,14,68.5,292,0.4124391938846421,3.8,1004.6,139.39999999999998,16.743333333333332,80,0.721768099280534,0,48,64,-127,-5.026525695313479,-4.852030263919617,-127.95,-5.039027905236927,-4.859424732327354,-124.66666666666669,-4.995551599075079,-4.833632898779901,Kevin,6.3,Spring Canyon,2A
SC4,SC4_20231219,SC4_20231218,2023-12-19,2023-12-18,16,17,2023-12-18T07:50:01Z,2023-12-19T07:50:01Z,24,0.970962844034495,1,0.9986111111111112,0.9166666666666666,0,0,0,0,2023-12-19T06:50:01Z,8,7.050000000000001,7.333333333333333,2023-12-18T07:50:01Z,23,13,15.489655172413793,17,36.5,73.5,1.1812934631432546,7.4,2905.7000000000003,1585.1,48.428333333333335,765,0.7697917844879754,2,0,65,-8,-2,-2.1972245773362196,-7.050000000000001,-1.917474979374538,-2.0856720914304723,-7.333333333333333,-1.9428255610838183,-2.120263536200091,Kevin,6.3,Spring Canyon,2A
SC4,SC4_20231221,SC4_20231220,2023-12-21,2023-12-20,18,19,2023-12-20T07:20:01Z,2023-12-21T07:20:01Z,24,0.9560225780799352,1,0.9986111111111112,0.875,4,3,3,3,2023-12-21T13:50:01Z,0,0,0,2023-12-20T07:20:01Z,14,11,12.144827586206896,13,0,0,0.7037552155771906,5.7,1872.4,1025.1999999999998,31.206666666666667,438,1.1376255477015007,0,0,67,4,1.5874010519681994,1.6094379124341005,3,1.4422495703074083,1.3862943611198906,3,1.4422495703074083,1.3862943611198906,Kevin,6.3,Spring Canyon,2A
SC4,SC4_20231222,SC4_20231221,2023-12-22,2023-12-21,19,20,2023-12-21T13:50:01Z,2023-12-22T13:50:01Z,24,0.970962844034495,1,0.9986111111111112,0.9166666666666666,131,130,126.66666666666669,80,2023-12-22T16:20:01Z,4,3,3,2023-12-21T13:50:01Z,23,11,14.524137931034485,17,27.5,94,0.5143254520166898,6.2,1313.6,573.9,21.893333333333334,236,1.075111709617937,0,16,68,127,5.026525695313479,4.852030263919617,127,5.026525695313479,4.852030263919617,123.66666666666669,4.982158635083963,4.825643508746422,Kevin,6.3,Spring Canyon,2A
SC4,SC4_20231223,SC4_20231222,2023-12-23,2023-12-22,20,21,2023-12-22T16:20:01Z,2023-12-23T16:20:01Z,24,0.9711878644003804,1,0.9993055555555556,0.9166666666666666,208,107.30000000000008,137,0,2023-12-23T10:20:01Z,131,130,126.66666666666669,2023-12-22T16:20:01Z,16,12,12.882758620689655,16,3.5,1,1.21681723419041,3.2,2344.2000000000003,899.5999999999999,39.07000000000001,539,0.6964372855413816,2,0,69,77,4.254320865115005,4.356708826689592,-22.699999999999932,-2.8314481885281833,-3.1654750481410825,10.333333333333329,2.178111692362524,2.427748235948051,Kevin,6.3,Spring Canyon,2A
SC4,SC4_20231224,SC4_20231223,2023-12-24,2023-12-23,21,22,2023-12-23T10:20:01Z,2023-12-24T10:20:01Z,24,0.9711878644003804,1,0.9993055555555556,0.9166666666666666,322,263,249.66666666666663,48,2023-12-24T16:20:01Z,208,107.30000000000008,137,2023-12-23T10:20:01Z,19,7,11.220689655172414,15,4,9.5,0.484503127171647,3.2,918.4,558.8,15.306666666666668,259,0.9644075648453176,0,24,70,114,4.848807585839879,4.74493212836325,155.69999999999993,5.37975962036878,5.054333149361975,112.66666666666666,4.829829671155933,4.733270188615407,Kevin,6.3,Spring Canyon,2A
SC4,SC4_20231225,SC4_20231224,2023-12-25,2023-12-24,22,23,2023-12-24T16:20:01Z,2023-12-25T16:20:01Z,24,0.95624413604339,1,0.9993055555555556,0.875,234,234,234,40,2023-12-25T07:20:01Z,322,263,249.66666666666663,2023-12-24T16:20:01Z,21,6,11.717241379310344,14,18.5,67.5,0.3660875608061153,2.8,752.7,48.80000000000001,12.545,48,0.7050552724106435,0,40,71,-88,-4.4479601811386305,-4.48863636973214,-29,-3.072316825685847,-3.4011973816621555,-15.666666666666655,-2.5022202498347705,-2.813410716760036,Kevin,6.3,Spring Canyon,2A
SC4,SC4_20231226,SC4_20231225,2023-12-26,2023-12-25,23,24,2023-12-25T07:20:01Z,2023-12-26T07:20:01Z,24,0.9560225780799352,1,0.9986111111111112,0.875,166,157.45000000000002,150.66666666666666,61,2023-12-26T07:20:01Z,234,234,234,2023-12-25T07:20:01Z,21,6,12.317241379310344,6,18.5,67.5,0.4832406119610571,2.8,977.6,97.8,16.293333333333333,80,0.7435246608722794,0,40,72,-68,-4.081655101917348,-4.23410650459726,-76.54999999999998,-4.246017029693511,-4.350922889622548,-83.33333333333334,-4.367902323681494,-4.43477720005941,Kevin,6.3,Spring Canyon,2A
SC4,SC4_20231227,SC4_20231226,2023-12-27,2023-12-26,24,25,2023-12-26T07:20:01Z,2023-12-27T07:20:01Z,24,0.95624413604339,1,0.9993055555555556,0.875,118,118,118,47,2023-12-27T07:20:00Z,166,157.45000000000002,150.66666666666666,2023-12-26T07:20:01Z,18,7,11.593103448275862,7,9.5,8,0.2542738012508686,2,545.8000000000001,0,9.096666666666668,2,0.5066202041885157,0,61,73,-48,-3.634241185664279,-3.8918202981106265,-39.45000000000002,-3.404204717222132,-3.7000666435045018,-32.66666666666666,-3.196697982774059,-3.5165082281731497,Kevin,6.3,Spring Canyon,2A
SC4,SC4_20231228,SC4_20231227,2023-12-28,2023-12-27,25,26,2023-12-27T07:20:00Z,2023-12-28T07:20:00Z,24,0.95624413604339,1,0.9993055555555556,0.875,6,3.150000000000002,3.6666666666666665,3,2023-12-28T13:50:01Z,118,118,118,2023-12-27T07:20:00Z,22,9,12.27777777777778,11,18.5,52.5,0.1695621959694232,2.8,437.7999999999999,22,7.296666666666666,11,0.5110218714547222,0,47,74,-112,-4.820284528350459,-4.727387818712341,-114.85,-4.8608288876212,-4.752296250878385,-114.33333333333331,-4.853528920454442,-4.747826486389615,Kevin,6.3,Spring Canyon,2A
SC4,SC4_20231229,SC4_20231228,2023-12-29,2023-12-28,26,27,2023-12-28T13:50:01Z,2023-12-29T13:50:01Z,24,0.9560225780799352,1,0.9986111111111112,0.875,1,1,1,0,2023-12-29T07:20:01Z,6,3.150000000000002,3.6666666666666665,2023-12-28T13:50:01Z,24,12,13.8,22,12,47.5,0.19116828929068153,3.8,516.3000000000001,96.4,8.605,54,0.628081810811396,0,1,75,-5,-1.7099759466766968,-1.791759469228055,-2.150000000000002,-1.290662880674033,-1.1474024528375424,-2.6666666666666665,-1.386722548701269,-1.2992829841302609,Kevin,6.3,Spring Canyon,2A
SC4,SC4_20231230,SC4_20231229,2023-12-30,2023-12-29,27,28,2023-12-29T07:20:01Z,2023-12-30T07:20:01Z,24,0.970962844034495,1,0.9986111111111112,0.9166666666666666,88,85.15,84.66666666666667,12,2023-12-30T15:50:01Z,1,1,1,2023-12-29T07:20:01Z,17,10,13.055172413793104,12,11,9.5,0.6481223922114048,5.1,1646.4,497.19999999999993,27.44,301,0.9085451988085318,0,0,76,87,4.431047621693634,4.477336814478207,84.15,4.382124446355954,4.444414407108697,83.66666666666667,4.3737184454967455,4.438721978350427,Kevin,6.3,Spring Canyon,2A
SC4,SC4_20231231,SC4_20231230,2023-12-31,2023-12-30,28,29,2023-12-30T15:50:01Z,2023-12-31T15:50:01Z,24,0.9560225780799352,1,0.9986111111111112,0.875,141,141,140.33333333333334,2,2023-12-31T12:20:01Z,88,85.15,84.66666666666667,2023-12-30T15:50:01Z,18,10,12.20689655172414,14,5.5,6,0.589847009735744,4.1,1238,256.59999999999997,20.633333333333333,171,0.8321830286196372,0,2,77,53,3.756285754221072,3.9889840465642745,55.849999999999994,3.822443362503316,4.040416220196545,55.66666666666667,3.8182562572811785,4.037186148382152,Kevin,6.3,Spring Canyon,2A
SC4,SC4_20240101,SC4_20231231,2024-01-01,2023-12-31,29,30,2023-12-31T12:20:01Z,2024-01-01T12:20:01Z,24,0.970962844034495,1,0.9986111111111112,0.9166666666666666,12,12,11.333333333333334,26,2024-01-01T13:20:01Z,141,141,140.33333333333334,2023-12-31T12:20:01Z,24,7,11.324137931034484,13,14,56.5,0.309874826147427,4.1,761.7,89.60000000000001,12.695,62,0.6944466391048841,0,6,78,-129,-5.05277434720856,-4.867534450455582,-129,-5.05277434720856,-4.867534450455582,-129,-5.05277434720856,-4.867534450455582,Kevin,6.3,Spring Canyon,2A
SC4,SC4_20240102,SC4_20240101,2024-01-02,2024-01-01,30,31,2024-01-01T13:20:01Z,2024-01-02T13:20:01Z,24,0.9711878644003804,1,0.9993055555555556,0.9166666666666666,6,6,5.666666666666667,25,2024-01-02T07:20:01Z,12,12,11.333333333333334,2024-01-01T13:20:01Z,23,5,11.46896551724138,22,22.5,91.5,0.23578874218207088,2.4,494.4,6.8,8.24,16,0.6053872887139415,0,34,79,-6,-1.8171205928321397,-1.9459101490553132,-6,-1.8171205928321397,-1.9459101490553132,-5.666666666666667,-1.782827080413121,-1.8971199848858813,Kevin,6.3,Spring Canyon,2A
SC4,SC4_20240103,SC4_20240102,2024-01-03,2024-01-02,31,32,2024-01-02T07:20:01Z,2024-01-03T07:20:01Z,24,0.9711878644003804,1,0.9993055555555556,0.9166666666666666,120,111,114,39,2024-01-03T15:20:01Z,6,6,5.666666666666667,2024-01-02T07:20:01Z,21,5,13.048275862068966,5,21,74,1.0635163307852675,5.5,2114.3,1354.2,35.23833333333334,480,1.2011591419334435,0,25,80,114,4.848807585839879,4.74493212836325,105,4.7176939803165325,4.663439094112067,108.33333333333331,4.767097509972049,4.694401319716034,Kevin,6.3,Spring Canyon,2A
SC4,SC4_20240104,SC4_20240103,2024-01-04,2024-01-03,32,33,2024-01-03T15:20:01Z,2024-01-04T15:20:01Z,24,0.985685343022932,1,0.9993055555555556,0.9583333333333334,153,152,152.33333333333334,154,2024-01-04T09:20:01Z,120,111,114,2024-01-03T15:20:01Z,18,6,11.379310344827584,16,17.5,33,1.3838776928422514,5.1,2767,1923.8,46.11666666666667,699,1.0315394210653346,1,154,81,33,3.207534329995826,3.5263605246161616,41,3.4482172403827303,3.737669618283368,38.33333333333334,3.3717771398314698,3.672072335797555,Kevin,6.3,Spring Canyon,2A
SC4,SC4_20240105,SC4_20240104,2024-01-05,2024-01-04,33,34,2024-01-04T09:20:01Z,2024-01-05T09:20:01Z,24,0.9711878644003804,1,0.9993055555555556,0.9166666666666666,127,118.6,116.66666666666669,87,2024-01-05T07:20:01Z,153,152,152.33333333333334,2024-01-04T09:20:01Z,18,6,11.013793103448275,11,18,34,0.9126476719944404,3.4,1816.5,731.5999999999999,30.275,353,0.7759504712947111,1,176,82,-26,-2.9624960684073702,-3.295836866004329,-33.400000000000006,-3.220442051883746,-3.5380565643793527,-35.66666666666667,-3.2917044984880826,-3.6018680771243066,Kevin,6.3,Spring Canyon,2A
SC6,SC6_20231217,SC6_20231216,2023-12-17,2023-12-16,2,3,2023-12-16T15:20:01Z,2023-12-17T15:20:01Z,24,0.970962844034495,1,0.9986111111111112,0.9166666666666666,120,118,115.66666666666669,36,2023-12-17T07:50:01Z,284,267,249,2023-12-16T15:20:01Z,25,11,16,18,50,113.5,0.6196801112656467,4.3,1164.6999999999998,27.2,19.411666666666665,19,0.5879370747467602,1,36,63,-164,-5.473703674798427,-5.10594547390058,-149,-5.301459192380904,-5.0106352940962555,-133.33333333333331,-5.108729549290353,-4.9003242732785735,Vincent,12.6,Spring Canyon,4A
SC6,SC6_20231218,SC6_20231217,2023-12-18,2023-12-17,3,4,2023-12-17T07:50:01Z,2023-12-18T07:50:01Z,24,0.9560225780799352,1,0.9986111111111112,0.875,77,65.60000000000001,62.666666666666664,3,2023-12-18T07:50:01Z,120,118,115.66666666666669,2023-12-17T07:50:01Z,25,14,18.83448275862069,14,70,280.5,0.7699582753824757,4.3,1526.9,169.99999999999997,25.448333333333338,141,0.6963239925441441,1,36,64,-43,-3.503398060386724,-3.784189633918261,-52.39999999999999,-3.7420572627315374,-3.977810745966149,-53.00000000000001,-3.756285754221072,-3.9889840465642745,Vincent,12.6,Spring Canyon,4A
SC6,SC6_20231219,SC6_20231218,2023-12-19,2023-12-18,4,5,2023-12-18T07:50:01Z,2023-12-19T07:50:01Z,24,0.95624413604339,1,0.9993055555555556,0.875,18,18,18,12,2023-12-19T09:20:01Z,77,65.60000000000001,62.666666666666664,2023-12-18T07:50:01Z,19,14,15.537931034482758,17,60,51.5,1.7296038915913827,5.7,3532.5,2852.4,58.875,1164,0.7704847079460589,2,3,65,-59,-3.892996415873261,-4.0943445622221,-47.60000000000001,-3.624117898725516,-3.883623530906448,-44.666666666666664,-3.5480890771361686,-3.821368637160015,Vincent,12.6,Spring Canyon,4A
SC6,SC6_20231220,SC6_20231219,2023-12-20,2023-12-19,5,6,2023-12-19T09:20:01Z,2023-12-20T09:20:01Z,24,0.9560225780799352,1,0.9986111111111112,0.875,17,17,17,0,2023-12-20T07:50:01Z,18,18,18,2023-12-19T09:20:01Z,16,14,14.50344827586207,15,28,8.5,1.3566759388038945,7.2,2857.9000000000005,1531.1,47.631666666666675,686,0.8504050271802575,2,0,66,-1,-1,-0.6931471805599453,-1,-1,-0.6931471805599453,-1,-1,-0.6931471805599453,Vincent,12.6,Spring Canyon,4A
SC6,SC6_20231221,SC6_20231220,2023-12-21,2023-12-20,6,7,2023-12-20T07:50:01Z,2023-12-21T07:50:01Z,24,0.9560225780799352,1,0.9986111111111112,0.875,15,15,14.666666666666666,0,2023-12-21T08:50:01Z,17,17,17,2023-12-20T07:50:01Z,15,11,12.820689655172414,14,1.5,0,1.2221140472879,7.2,2596.2,1431.1,43.27,591,1.0920531859378784,2,0,67,-2,-1.2599210498948732,-1.0986122886681098,-2,-1.2599210498948732,-1.0986122886681098,-2.333333333333334,-1.3263524026321307,-1.203972804325936,Vincent,12.6,Spring Canyon,4A
SC6,SC6_20231222,SC6_20231221,2023-12-22,2023-12-21,7,8,2023-12-21T08:50:01Z,2023-12-22T08:50:01Z,24,0.95624413604339,1,0.9993055555555556,0.875,135,65.65000000000005,83,52,2023-12-22T15:20:01Z,15,15,14.666666666666666,2023-12-21T08:50:01Z,17,12,13.779310344827586,13,24.5,15.5,1.0886031966643503,7.8,2244.6000000000004,1066.7,37.41,442,0.9428297447885272,1,0,68,120,4.93242414866094,4.795790545596741,50.65000000000005,3.699926952538875,3.9444901955656486,68.33333333333333,4.088313604914845,4.238925791033208,Vincent,12.6,Spring Canyon,4A
SC6,SC6_20231223,SC6_20231222,2023-12-23,2023-12-22,8,9,2023-12-22T15:20:01Z,2023-12-23T15:20:01Z,24,0.95624413604339,1,0.9993055555555556,0.875,56,48.400000000000006,50.666666666666664,0,2023-12-23T10:20:01Z,135,65.65000000000005,83,2023-12-22T15:20:01Z,16,12,13.393103448275864,16,6.5,4,1.1367616400277971,4.1,2269.9,1101.7,37.83166666666667,548,0.8697336983612831,2,32,69,-79,-4.290840427026207,-4.382026634673881,-17.250000000000043,-2.5838246261818134,-2.904165080028503,-32.333333333333336,-3.1857876658806714,-3.506557897319982,Vincent,12.6,Spring Canyon,4A
SC6,SC6_20231224,SC6_20231223,2023-12-24,2023-12-23,9,10,2023-12-23T10:20:01Z,2023-12-24T10:20:01Z,24,0.9711878644003804,1,0.9993055555555556,0.9166666666666666,75,73,72.66666666666667,120,2023-12-24T15:50:01Z,56,48.400000000000006,50.666666666666664,2023-12-23T10:20:01Z,14,8,11.627586206896552,14,0,0,0.7726893676164004,4.1,1466,642.2,24.433333333333337,278,0.9322357852197164,0,66,70,19,2.668401648721945,2.995732273553991,24.59999999999999,2.9083390575954486,3.2425923514855164,22.000000000000007,2.8020393306553872,3.13549421592915,Vincent,12.6,Spring Canyon,4A
SC6,SC6_20231225,SC6_20231224,2023-12-25,2023-12-24,10,11,2023-12-24T15:50:01Z,2023-12-25T15:50:01Z,24,0.9711878644003804,1,0.9993055555555556,0.9166666666666666,84,77.35000000000001,77.66666666666667,122,2023-12-25T16:20:01Z,75,73,72.66666666666667,2023-12-24T15:50:01Z,17,7,11.317241379310344,14,6,2,0.7662960389159139,3.4,1522.3000000000002,223.19999999999993,25.37166666666667,153,0.6416078430888821,1,133,71,9,2.080083823051904,2.302585092994046,4.3500000000000085,1.632411901029493,1.6770965609079167,5,1.7099759466766968,1.791759469228055,Vincent,12.6,Spring Canyon,4A
SC6,SC6_20231227,SC6_20231226,2023-12-27,2023-12-26,12,13,2023-12-26T10:20:01Z,2023-12-27T10:20:01Z,24,0.9560225780799352,1,0.9986111111111112,0.875,108,94.70000000000002,94,73,2023-12-27T11:50:01Z,79,63.80000000000001,68.33333333333333,2023-12-26T10:20:01Z,16,9,12.006896551724138,13,5,0.5,0.28789986091794156,3,574.5,58.8,9.575,46,0.6144341611416478,0,7,73,29,3.072316825685847,3.4011973816621555,30.90000000000001,3.137999185135957,3.462606009790799,25.66666666666667,2.9497813365326353,3.283414346005772,Vincent,12.6,Spring Canyon,4A
SC6,SC6_20231228,SC6_20231227,2023-12-28,2023-12-27,13,14,2023-12-27T11:50:01Z,2023-12-28T11:50:01Z,24,0.95624413604339,1,0.9993055555555556,0.875,83,83,81.66666666666667,233,2023-12-28T15:20:01Z,108,94.70000000000002,94,2023-12-27T11:50:01Z,17,10,12.282758620689656,15,19.5,14.5,0.5699791521890201,2.4,1074.7,4.6,17.91166666666667,4,0.4414723699829349,1,193,74,-25,-2.924017738212866,-3.258096538021482,-11.700000000000015,-2.270188680649386,-2.541601993464547,-12.333333333333329,-2.3104335894762693,-2.5902671654458262,Vincent,12.6,Spring Canyon,4A
SC6,SC6_20231230,SC6_20231229,2023-12-30,2023-12-29,15,16,2023-12-29T07:50:01Z,2023-12-30T07:50:01Z,24,0.970962844034495,1,0.9986111111111112,0.9166666666666666,70,69.05,68.66666666666667,53,2023-12-30T14:20:01Z,77,61,65.66666666666667,2023-12-29T07:50:01Z,16,11,13.406896551724138,13,14,6.5,0.963490959666203,4.7,2031.2,1109.6999999999998,33.85333333333333,550,1.023684275992342,2,2,76,-7,-1.912931182772389,-2.0794415416798357,8.049999999999997,2.004158016126915,2.2027647577118343,3,1.4422495703074083,1.3862943611198906,Vincent,12.6,Spring Canyon,4A
SC6,SC6_20231231,SC6_20231230,2023-12-31,2023-12-30,16,17,2023-12-30T14:20:01Z,2023-12-31T14:20:01Z,24,0.9560225780799352,1,0.9986111111111112,0.875,26,26,26,0,2023-12-31T10:20:01Z,70,69.05,68.66666666666667,2023-12-30T14:20:01Z,16,10,12.620689655172416,15,5,1.5,0.8285813630041725,4.1,1637.9,535.5999999999999,27.298333333333336,278,0.8670498849401516,1,4,77,-44,-3.530348335326063,-3.80666248977032,-43.05,-3.5047554406311745,-3.7853253523821886,-42.66666666666667,-3.494321858945195,-3.776585034533042,Vincent,12.6,Spring Canyon,4A
SC6,SC6_20240101,SC6_20231231,2024-01-01,2023-12-31,17,18,2023-12-31T10:20:01Z,2024-01-01T10:20:01Z,24,0.9560225780799352,1,0.9986111111111112,0.875,165,164,127.33333333333331,237,2024-01-01T17:00:01Z,26,26,26,2023-12-31T10:20:01Z,16,8,11,13,5,2,0.7883171070931849,3.8,1536.6,223,25.61,118,0.6481703003947096,1,103,78,139,5.180101467380292,4.941642422609304,138,5.167649252363622,4.9344739331306915,101.33333333333331,4.662127104787245,4.628235458919088,Vincent,12.6,Spring Canyon,4A
SC6,SC6_20240102,SC6_20240101,2024-01-02,2024-01-01,18,19,2024-01-01T17:00:01Z,2024-01-02T17:00:01Z,24,0.9560225780799352,1,0.9986111111111112,0.875,144,137,138.33333333333334,332,2024-01-02T07:20:01Z,165,164,127.33333333333331,2024-01-01T17:00:01Z,17,6,10.86013986013986,14,15,2.5,0.7985396383866481,2.6,1542,63.80000000000001,25.7,63,0.4458877614505414,1,331,79,-21,-2.7589241763811203,-3.091042453358316,-27,-3,-3.332204510175204,11.000000000000014,2.223980090569317,2.4849066497880017,Vincent,12.6,Spring Canyon,4A
SC6,SC6_20240103,SC6_20240102,2024-01-03,2024-01-02,19,20,2024-01-02T07:20:01Z,2024-01-03T07:20:01Z,24,0.970962844034495,1,0.9986111111111112,0.9166666666666666,79,79,77.66666666666667,408,2024-01-03T09:20:01Z,144,137,138.33333333333334,2024-01-02T07:20:01Z,17,6,12.448275862068966,7,15,2.5,1.2836578581363003,5.9,2494,1546.1,41.56666666666667,541,1.1934123716277194,1,332,80,-65,-4.020725758589058,-4.189654742026425,-58,-3.870876640627797,-4.07753744390572,-60.66666666666667,-3.9293137781203566,-4.121743536410215,Vincent,12.6,Spring Canyon,4A
SC6,SC6_20240104,SC6_20240103,2024-01-04,2024-01-03,20,21,2024-01-03T09:20:01Z,2024-01-04T09:20:01Z,24,0.9711878644003804,1,0.9993055555555556,0.9166666666666666,41,34,36.333333333333336,224,2024-01-04T15:30:01Z,79,79,77.66666666666667,2024-01-03T09:20:01Z,15,7,11.02777777777778,11,1,0,1.456706045865184,5.3,2943.8999999999996,1812.9,49.06499999999999,612,1.0127325928118018,1.5,379,81,-38,-3.361975406798963,-3.6635616461296463,-45,-3.5568933044900626,-3.828641396489095,-41.333333333333336,-3.4575367917605067,-3.7455747977904816,Vincent,12.6,Spring Canyon,4A
SC8,SC8_20240107,SC8_20240106,2024-01-07,2024-01-06,2,3,2024-01-06T06:50:01Z,2024-01-07T06:50:01Z,24,0.9854569636489042,1,0.9986111111111112,0.9583333333333334,243,237,239,9,2024-01-07T06:50:01Z,264,252.95,256.3333333333333,2024-01-06T06:50:01Z,14,5,10.813793103448276,6,0,0,1.6061196105702364,8.7,3216.5999999999995,2271.1,53.60999999999999,684,1.4122455288946003,1.5,1,84,-21,-2.7589241763811203,-3.091042453358316,-15.949999999999989,-2.5172145253086704,-2.830267833826458,-17.333333333333314,-2.587978692218768,-2.9087208965643603,Skyler,16.5,Spring Canyon,4A
SC8,SC8_20240108,SC8_20240107,2024-01-08,2024-01-07,3,4,2024-01-07T06:50:01Z,2024-01-08T06:50:01Z,24,0.985685343022932,1,0.9993055555555556,0.9583333333333334,242,242,242,32,2024-01-08T16:20:01Z,243,237,239,2024-01-07T06:50:01Z,15,4,8.662068965517241,6,1,0,1.348227936066713,5.1,2690.7,1157.9,44.845,552,0.6376520862183898,1.5,9,85,-1,-1,-0.6931471805599453,5,1.7099759466766968,1.791759469228055,3,1.4422495703074083,1.3862943611198906,Skyler,16.5,Spring Canyon,4A
SC8,SC8_20240109,SC8_20240108,2024-01-09,2024-01-08,4,5,2024-01-08T16:20:01Z,2024-01-09T16:20:01Z,24,0.985685343022932,1,0.9993055555555556,0.9583333333333334,255,254.95,254.66666666666663,26,2024-01-09T08:50:01Z,242,242,242,2024-01-08T16:20:01Z,17,7,10.020689655172411,12,5,1.5,1.1534398888116748,3.4,2278.6000000000004,468.2,37.976666666666674,338,0.5258322534650741,1.5,26,86,13,2.3513346877207573,2.6390573296152584,12.949999999999989,2.3483162830063447,2.6354795082673736,12.666666666666655,2.331063552393622,2.6149597780361975,Skyler,16.5,Spring Canyon,4A
SC8,SC8_20240110,SC8_20240109,2024-01-10,2024-01-09,5,6,2024-01-09T08:50:01Z,2024-01-10T08:50:01Z,24,0.985685343022932,1,0.9993055555555556,0.9583333333333334,253,252,252.33333333333337,9,2024-01-10T08:20:01Z,255,254.95,254.66666666666663,2024-01-09T08:50:01Z,17,7,11.179310344827586,9,5,1.5,1.128283530229326,4.9,2424.6000000000004,942.9999999999998,40.41,500,0.6742650487142697,1.5,26,87,-2,-1.2599210498948732,-1.0986122886681098,-2.9499999999999886,-1.4341921420171202,-1.3737155789130275,-2.3333333333333144,-1.326352402632127,-1.2039728043259303,Skyler,16.5,Spring Canyon,4A
SC8,SC8_20240111,SC8_20240110,2024-01-11,2024-01-10,6,7,2024-01-10T08:20:01Z,2024-01-11T08:20:01Z,24,0.9854569636489042,1,0.9986111111111112,0.9583333333333334,245,245,245,4,2024-01-11T06:50:01Z,253,252,252.33333333333337,2024-01-10T08:20:01Z,16,6,10.903448275862068,8,1.5,0.5,2.0879694019471486,8.4,4307.1,3611.3,71.78500000000001,1055,1.4313949018379415,2,9,88,-8,-2,-2.1972245773362196,-7,-1.912931182772389,-2.0794415416798357,-7.333333333333343,-1.9428255610838192,-2.1202635362000923,Skyler,16.5,Spring Canyon,4A
SC8,SC8_20240112,SC8_20240111,2024-01-12,2024-01-11,7,8,2024-01-11T06:50:01Z,2024-01-12T06:50:01Z,24,0.9711878644003804,1,0.9993055555555556,0.9166666666666666,212,212,212,10,2024-01-12T15:30:01Z,245,245,245,2024-01-11T06:50:01Z,15,5,8.594405594405595,7,1,0,1.2126476719944406,4.1,2394.5000000000005,484.6,39.90833333333334,383,0.4618516159463039,2,4,89,-33,-3.207534329995826,-3.5263605246161616,-33,-3.207534329995826,-3.5263605246161616,-33,-3.207534329995826,-3.5263605246161616,Skyler,16.5,Spring Canyon,4A
SC8,SC8_20240113,SC8_20240112,2024-01-13,2024-01-12,8,9,2024-01-12T15:30:01Z,2024-01-13T15:30:01Z,24,0.985685343022932,1,0.9993055555555556,0.9583333333333334,227,226.95,226.66666666666663,2,2024-01-13T07:30:01Z,212,212,212,2024-01-12T15:30:01Z,16,7,10.26896551724138,13,3.5,2,1.0012508686587909,4.3,2071.4000000000005,621.1999999999999,34.52333333333334,317,0.6803715332329531,1.5,2,90,15,2.46621207433047,2.772588722239781,14.949999999999989,2.4634687883351547,2.769458829230853,14.666666666666655,2.4478068206833203,2.7515353130419484,Skyler,16.5,Spring Canyon,4A
SC8,SC8_20240114,SC8_20240113,2024-01-14,2024-01-13,9,10,2024-01-13T07:30:01Z,2024-01-14T07:30:01Z,24,0.985685343022932,1,0.9993055555555556,0.9583333333333334,214,213.95,213.66666666666663,0,2024-01-14T11:30:01Z,227,226.95,226.66666666666663,2024-01-13T07:30:01Z,16,7,11.16551724137931,7,3.5,2,0.7680333564975678,4.3,1608.1,547.9999999999999,26.801666666666662,251,0.8229406773940998,1,2,91,-13,-2.3513346877207573,-2.6390573296152584,-13,-2.3513346877207573,-2.6390573296152584,-13,-2.3513346877207573,-2.6390573296152584,Skyler,16.5,Spring Canyon,4A
SC8,SC8_20240115,SC8_20240114,2024-01-15,2024-01-14,10,11,2024-01-14T11:30:01Z,2024-01-15T11:30:01Z,24,0.9854569636489042,1,0.9986111111111112,0.9583333333333334,271,271,271,2,2024-01-15T16:00:01Z,214,213.95,213.66666666666663,2024-01-14T11:30:01Z,15,7,10.855172413793104,14,0.5,0,0.5113351877607788,2.4,1067.4,17.8,17.79,21,0.5597676464589648,1,0,92,57,3.8485011312768047,4.060443010546419,57.05000000000001,3.8496260951325407,4.061304708143901,57.33333333333334,3.855988506438502,4.0661736852554045,Skyler,16.5,Spring Canyon,4A
SC8,SC8_20240116,SC8_20240115,2024-01-16,2024-01-15,11,12,2024-01-15T16:00:01Z,2024-01-16T16:00:01Z,24,0.985685343022932,1,0.9993055555555556,0.9583333333333334,284,284,284,12,2024-01-16T16:30:01Z,271,271,271,2024-01-15T16:00:01Z,17,8,11.096551724137932,14,5.5,2.5,0.42293259207783185,3,876.6,52.8,14.61,41,0.600265886794904,0,12,93,13,2.3513346877207573,2.6390573296152584,13,2.3513346877207573,2.6390573296152584,13,2.3513346877207573,2.6390573296152584,Skyler,16.5,Spring Canyon,4A
SC8,SC8_20240117,SC8_20240116,2024-01-17,2024-01-16,12,13,2024-01-16T16:30:01Z,2024-01-17T16:30:01Z,24,0.9854569636489042,1,0.9986111111111112,0.9583333333333334,293,288,289.6666666666667,5,2024-01-17T07:00:01Z,284,284,284,2024-01-16T16:30:01Z,17,11,12.641379310344828,13,15.5,9,0.6281641168289291,3.2,1257.1,89.60000000000001,20.951666666666664,72,0.548378282442023,1,5,94,9,2.080083823051904,2.302585092994046,4,1.5874010519681994,1.6094379124341005,5.666666666666686,1.782827080413123,1.897119984885884,Skyler,16.5,Spring Canyon,4A
SC8,SC8_20240118,SC8_20240117,2024-01-18,2024-01-17,13,14,2024-01-17T07:00:01Z,2024-01-18T07:00:01Z,24,0.970962844034495,1,0.9986111111111112,0.9166666666666666,61,53,53.666666666666664,22,2024-01-18T09:10:01Z,293,288,289.6666666666667,2024-01-17T07:00:01Z,17,6,11.305555555555555,12,15.5,9,0.6289986091794159,3.2,1248.1,112.60000000000002,20.80166666666667,89,0.6286657879943537,1,5,95,-232,-6.144633651371694,-5.4510384535657,-235,-6.171005792776717,-5.4638318050256105,-236.00000000000003,-6.179746605865644,-5.4680601411351315,Skyler,16.5,Spring Canyon,4A
SC8,SC8_20240119,SC8_20240118,2024-01-19,2024-01-18,14,15,2024-01-18T09:10:01Z,2024-01-19T09:10:01Z,24,0.95624413604339,1,0.9993055555555556,0.875,24,24,20.333333333333332,0,2024-01-19T08:50:01Z,61,53,53.666666666666664,2024-01-18T09:10:01Z,17,9,12.069444444444445,11,13,3,0.8211257817929117,6.3,1701.4,788.3,28.35666666666667,317,1.0463432785276037,1,22,96,-37,-3.332221851645953,-3.6375861597263857,-29,-3.072316825685847,-3.4011973816621555,-33.33333333333333,-3.218297948685432,-3.536116699561526,Skyler,16.5,Spring Canyon,4A
SC8,SC8_20240120,SC8_20240119,2024-01-20,2024-01-19,15,16,2024-01-19T08:50:01Z,2024-01-20T08:50:01Z,24,0.970962844034495,1,0.9986111111111112,0.9166666666666666,4,4,4,0,2024-01-20T07:50:01Z,24,24,20.333333333333332,2024-01-19T08:50:01Z,18,12,13.655172413793103,12,15,21,2.289151599443672,7,4851.4000000000005,4693.8,80.85666666666667,1394,0.9205102704147048,3,0,97,-20,-2.7144176165949063,-3.044522437723423,-20,-2.7144176165949063,-3.044522437723423,-16.333333333333332,-2.537220870340082,-2.8526314299133175,Skyler,16.5,Spring Canyon,4A
SC8,SC8_20240121,SC8_20240120,2024-01-21,2024-01-20,16,17,2024-01-20T07:50:01Z,2024-01-21T07:50:01Z,24,0.9711878644003804,1,0.9993055555555556,0.9166666666666666,7,6,6,12,2024-01-21T11:50:01Z,4,4,4,2024-01-20T07:50:01Z,16,11,13.462068965517242,13,15,7,1.2817234190410003,4.7,2576.5,1390.9,42.94166666666667,669,0.8280880878178608,2,0,98,3,1.4422495703074083,1.3862943611198906,2,1.2599210498948732,1.0986122886681098,2,1.2599210498948732,1.0986122886681098,Skyler,16.5,Spring Canyon,4A
SC8,SC8_20240122,SC8_20240121,2024-01-22,2024-01-21,17,18,2024-01-21T11:50:01Z,2024-01-22T11:50:01Z,24,0.970962844034495,1,0.9986111111111112,0.9166666666666666,23,6,11.666666666666666,19,2024-01-22T10:50:01Z,7,6,6,2024-01-21T11:50:01Z,18,12,14.73103448275862,17,33,37.5,2.246453407510431,8.2,4844.4000000000005,4286.1,80.74000000000001,1123,1.539438456424478,2,25,99,16,2.5198420997897464,2.833213344056216,0,0,0,5.666666666666666,1.782827080413121,1.8971199848858813,Skyler,16.5,Spring Canyon,4A
SC8,SC8_20240123,SC8_20240122,2024-01-23,2024-01-22,18,19,2024-01-22T10:50:01Z,2024-01-23T10:50:01Z,24,0.9711878644003804,1,0.9993055555555556,0.9166666666666666,8,8,8,0,2024-01-23T13:50:01Z,23,6,11.666666666666666,2024-01-22T10:50:01Z,17,11,12.89655172413793,17,8.5,9.5,1.0854760250173732,3.4,2270.8,784.1999999999999,37.84666666666667,490,0.6791275562038812,2,19,100,-15,-2.46621207433047,-2.772588722239781,2,1.2599210498948732,1.0986122886681098,-3.666666666666666,-1.5420216697275804,-1.5404450409471488,Skyler,16.5,Spring Canyon,4A
SC8,SC8_20240124,SC8_20240123,2024-01-24,2024-01-23,19,20,2024-01-23T13:50:01Z,2024-01-24T13:50:01Z,24,0.970962844034495,1,0.9986111111111112,0.9166666666666666,9,9,9,0,2024-01-24T10:20:01Z,8,8,8,2024-01-23T13:50:01Z,17,11,12.462068965517242,15,6,6.5,0.5396383866481225,4.1,1211.9,498.9,20.198333333333338,239,0.9668693370039304,0,0,101,1,1,0.6931471805599453,1,1,0.6931471805599453,1,1,0.6931471805599453,Skyler,16.5,Spring Canyon,4A
SC8,SC8_20240126,SC8_20240125,2024-01-26,2024-01-25,21,22,2024-01-25T11:50:01Z,2024-01-26T11:50:01Z,24,0.999536822536797,1,0.9986111111111112,1,41,41,41,43,2024-01-26T09:50:01Z,37,36.099999999999994,36,2024-01-25T11:50:01Z,18,7,12.151724137931035,14,14.5,24.5,0.9846314325452016,4.1,1998.3,770.8,33.305,361,0.8412452297085234,1,55,103,4,1.5874010519681994,1.6094379124341005,4.900000000000006,1.6984992522418112,1.7749523509116747,5,1.7099759466766968,1.791759469228055,Skyler,16.5,Spring Canyon,4A
