deployment_id,deployment_day_id_t,deployment_day_id_t_1,date_t,date_t_1,observation_order_t,day_sequence,max_butterflies_t,butterflies_95th_percentile_t,butterflies_top3_mean_t,sum_butterflies_direct_sun_t,time_of_max_t,max_butterflies_t_1,butterflies_95th_percentile_t_1,butterflies_top3_mean_t_1,sum_butterflies_direct_sun_t_1,time_of_max_t_1,temp_max_t_1,temp_min_t_1,temp_mean_t_1,temp_at_max_count_t_1,hours_above_15C_t_1,degree_hours_above_15C_t_1,wind_avg_sustained_t_1,wind_max_gust_t_1,wind_gust_sum_t_1,wind_gust_sum_above_2ms_t_1,wind_gust_hours_t_1,wind_minutes_above_2ms_t_1,wind_gust_sd_t_1,wind_mode_gust_t_1,days_since_oct15_t,butterfly_diff,butterfly_diff_cbrt,butterfly_diff_log,butterfly_diff_95th,butterfly_diff_95th_cbrt,butterfly_diff_95th_log,butterfly_diff_top3,butterfly_diff_top3_cbrt,butterfly_diff_top3_log,Observer,horizontal_dist_to_cluster_m,grove,view_id
SC1,SC1_20231119,SC1_20231118,2023-11-19,2023-11-18,2,3,21.0,20.9,20.333333333333332,5.0,2023-11-19 07:30:01,56.0,55.95,55.666666666666664,0.0,2023-11-18 06:30:02,18.0,15.0,16.727272727272727,16.0,11.0,19.0,1.5639389736477114,4.9,1611.6000000000001,1367.6999999999998,26.860000000000003,480,1.2182667487732683,3.0,35,-35.0,-3.2710663101885897,-3.58351893845611,-35.050000000000004,-3.272623219662218,-3.584906863730958,-35.33333333333333,-3.2814178548547828,-3.592735593561034,Skyler,4.2,Spring Canyon,1A
SC1,SC1_20231120,SC1_20231119,2023-11-20,2023-11-19,3,4,5.0,5.0,5.0,3.0,2023-11-20 06:30:01,21.0,20.9,20.333333333333332,5.0,2023-11-19 07:30:01,21.0,11.0,15.136363636363637,11.0,6.5,12.0,0.5797222222222222,4.5,916.1,259.6,15.268333333333334,158,0.7902394719096189,1.5,36,-16.0,-2.5198420997897464,-2.833213344056216,-15.899999999999999,-2.514581453799839,-2.8273136219290276,-15.333333333333332,-2.484346637906945,-2.793208009442517,Skyler,4.2,Spring Canyon,1A
SC10,SC10_20240107,SC10_20240106,2024-01-07,2024-01-06,2,3,78.0,77.0,74.66666666666667,104.0,2024-01-07 15:36:04,39.0,29.9,32.333333333333336,8.0,2024-01-06 16:06:04,17.0,5.0,13.0,13.0,5.5,6.0,0.6754166666666668,3.8,666.7,181.0,11.111666666666668,74,0.7984723936017768,0.5,84,39.0,3.3912114430141664,3.6888794541139363,47.1,3.6113837181884034,3.8732821771117156,42.333333333333336,3.485198261658764,3.7689221617874726,Emery,7.5,Spring Canyon,2A
SC10,SC10_20240108,SC10_20240107,2024-01-08,2024-01-07,3,4,130.0,127.0,128.0,176.0,2024-01-08 15:06:04,78.0,77.0,74.66666666666667,104.0,2024-01-07 15:36:04,19.0,5.0,13.047619047619047,15.0,5.0,11.0,1.3319444444444444,4.7,1350.4,743.4,22.506666666666668,356,0.7231804444152719,2.0,85,52.0,3.7325111568172478,3.970291913552122,50.0,3.6840314986403864,3.9318256327243257,53.33333333333333,3.7641441155241138,3.9951379121386528,Emery,7.5,Spring Canyon,2A
SC10,SC10_20240109,SC10_20240108,2024-01-09,2024-01-08,4,5,148.0,145.0,144.66666666666666,416.0,2024-01-09 16:36:04,130.0,127.0,128.0,176.0,2024-01-08 15:06:04,19.0,3.0,12.857142857142858,18.0,5.0,13.5,0.9105555555555556,3.2,935.9000000000001,317.3999999999999,15.598333333333334,194,0.8305451618071514,2.0,86,18.0,2.6207413942088964,2.9444389791664403,18.0,2.6207413942088964,2.9444389791664403,16.666666666666657,2.5543647746451765,2.8716796248840115,Emery,7.5,Spring Canyon,2A
SC10,SC10_20240110,SC10_20240109,2024-01-10,2024-01-09,5,6,282.0,180.0,197.0,385.0,2024-01-10 08:36:04,148.0,145.0,144.66666666666666,416.0,2024-01-09 16:36:04,19.0,5.0,13.761904761904763,13.0,5.0,13.0,1.2477115117891817,3.8,1260.0,908.6999999999999,21.0,438,1.0164878616174096,2.0,87,134.0,5.117229946912048,4.90527477843843,35.0,3.2710663101885897,3.58351893845611,52.33333333333334,3.740469626875839,3.9765615265657175,Emery,7.5,Spring Canyon,2A
SC10,SC10_20240111,SC10_20240110,2024-01-11,2024-01-10,6,7,306.0,220.0,245.66666666666666,456.0,2024-01-11 14:36:04,282.0,180.0,197.0,385.0,2024-01-10 08:36:04,18.0,7.0,13.047619047619047,8.0,4.0,8.0,1.6387500000000002,4.7,1629.1,1221.3,27.151666666666664,529,0.7113475098075996,2.0,88,24.0,2.8844991406148166,3.2188758248682006,40.0,3.4199518933533937,3.713572066704308,48.66666666666666,3.6509890774653457,3.905334017277349,Emery,7.5,Spring Canyon,2A
SC10,SC10_20240112,SC10_20240111,2024-01-12,2024-01-11,7,8,770.0,476.5999999999999,548.0,387.0,2024-01-12 16:06:04,306.0,220.0,245.66666666666666,456.0,2024-01-11 14:36:04,18.0,6.0,12.523809523809524,17.0,4.0,6.5,1.354923717059639,3.7,1359.7,736.3,22.66166666666667,383,0.590874705199476,2.0,89,464.0,7.741753281255592,6.142037405587356,256.5999999999999,6.354560965707688,5.551407994230198,302.33333333333337,6.711640367144318,5.7148323108427865,Emery,7.5,Spring Canyon,2A
SC10,SC10_20240113,SC10_20240112,2024-01-13,2024-01-12,8,9,497.0,420.55,443.3333333333333,1122.0,2024-01-13 14:36:04,770.0,476.5999999999999,548.0,387.0,2024-01-12 16:06:04,18.0,5.0,12.909090909090908,13.0,5.0,10.0,1.2151388888888888,4.1,1240.8000000000002,531.8,20.680000000000003,304,0.6335409463776867,2.0,90,-273.0,-6.48715411671635,-5.6131281063880705,-56.0499999999999,-3.8270006763425437,-4.043928076308083,-104.66666666666669,-4.712696419393292,-4.660289485209171,Emery,7.5,Spring Canyon,2A
SC10,SC10_20240114,SC10_20240113,2024-01-14,2024-01-13,9,10,500.0,499.0,499.0,0.0,2024-01-14 08:06:04,497.0,420.55,443.3333333333333,1122.0,2024-01-13 14:36:04,20.0,5.0,13.818181818181818,19.0,5.5,14.5,0.9191666666666666,3.2,949.0,455.5999999999999,15.816666666666666,265,0.9416829235368532,2.0,91,3.0,1.4422495703074083,1.3862943611198906,78.44999999999999,4.280859582207425,4.375127892982725,55.666666666666686,3.8182562572811785,4.037186148382152,Emery,7.5,Spring Canyon,2A
SC10,SC10_20240115,SC10_20240114,2024-01-15,2024-01-14,10,11,397.0,283.44999999999993,294.0,373.0,2024-01-15 08:26:04,500.0,499.0,499.0,0.0,2024-01-14 08:06:04,14.0,10.0,12.714285714285714,10.0,0.0,0.0,0.6948611111111112,2.2,729.4000000000001,4.4,12.156666666666668,10,0.41356901396914064,1.0,92,-103.0,-4.687548147653597,-4.6443908991413725,-215.55000000000007,-5.995830436461176,-5.377821467660636,-205.0,-5.896368539970366,-5.327876168789581,Emery,7.5,Spring Canyon,2A
SC10,SC10_20240116,SC10_20240115,2024-01-16,2024-01-15,11,12,79.0,68.9,71.66666666666667,145.0,2024-01-16 07:26:04,397.0,283.44999999999993,294.0,373.0,2024-01-15 08:26:04,20.0,7.0,14.045454545454545,9.0,5.5,13.5,0.36611111111111116,2.2,381.8,4.4,6.363333333333333,6,0.6194797319601185,0.0,93,-318.0,-6.825624196557114,-5.765191102784844,-214.54999999999993,-5.986543918947491,-5.373192901193144,-222.33333333333331,-6.058077986009074,-5.408665423716902,Emery,7.5,Spring Canyon,2A
SC10,SC10_20240117,SC10_20240116,2024-01-17,2024-01-16,12,13,5.0,4.0,4.333333333333333,2.0,2024-01-17 16:26:04,79.0,68.9,71.66666666666667,145.0,2024-01-16 07:26:04,20.0,8.0,13.954545454545455,8.0,4.5,13.5,0.4223611111111111,2.2,459.30000000000007,2.2,7.655000000000001,15,0.6677915723821658,0.0,94,-74.0,-4.198336453808407,-4.31748811353631,-64.9,-4.0186627896488725,-4.188138441508461,-67.33333333333334,-4.068272530108637,-4.2243976904702984,Emery,7.5,Spring Canyon,2A
SC10,SC10_20240118,SC10_20240117,2024-01-18,2024-01-17,13,14,5.0,4.0,4.333333333333333,14.0,2024-01-18 08:26:04,5.0,4.0,4.333333333333333,2.0,2024-01-17 16:26:04,23.0,11.0,15.545454545454545,12.0,6.0,19.0,0.4119444444444445,2.6,447.5,11.8,7.458333333333333,13,0.6340328561271416,0.0,95,0.0,0.0,0.0,0.0,0.0,0.0,0.0,0.0,0.0,Emery,7.5,Spring Canyon,2A
SC10,SC10_20240119,SC10_20240118,2024-01-19,2024-01-18,14,15,0.0,0.0,0.0,0.0,2024-01-19 06:56:04,5.0,4.0,4.333333333333333,14.0,2024-01-18 08:26:04,18.0,8.0,14.136363636363637,9.0,6.0,9.5,0.46255201109570043,4.1,607.6,143.5,10.126666666666667,83,0.8194716046913166,0.0,96,-5.0,-1.7099759466766968,-1.791759469228055,-4.0,-1.5874010519681994,-1.6094379124341003,-4.333333333333333,-1.630324415502916,-1.6739764335716716,Emery,7.5,Spring Canyon,2A
SC10,SC10_20240122,SC10_20240121,2024-01-22,2024-01-21,17,18,4.0,3.0,3.3333333333333335,0.0,2024-01-22 12:56:04,0.0,0.0,0.0,0.0,2024-01-21 06:56:04,23.0,13.0,17.181818181818183,13.0,7.5,29.5,1.3972222222222221,6.3,1654.3,1177.7999999999997,27.571666666666665,483,0.9639005613790554,2.0,99,4.0,1.5874010519681994,1.6094379124341003,3.0,1.4422495703074083,1.3862943611198906,3.3333333333333335,1.4938015821857216,1.4663370687934272,Emery,7.5,Spring Canyon,2A
SC10,SC10_20240123,SC10_20240122,2024-01-23,2024-01-22,18,19,357.0,245.95,282.6666666666667,265.0,2024-01-23 16:26:04,4.0,3.0,3.3333333333333335,0.0,2024-01-22 12:56:04,18.0,12.0,14.727272727272727,14.0,4.5,6.5,0.9429166666666668,4.1,1035.6,187.69999999999996,17.259999999999998,110,0.5703645468229953,1.5,100,353.0,7.067376614721954,5.869296913133774,242.95,6.239823439010384,5.496963286261846,279.33333333333337,6.536936325402582,5.635979371304838,Emery,7.5,Spring Canyon,2A
SC10,SC10_20240124,SC10_20240123,2024-01-24,2024-01-23,19,20,309.0,299.9,302.3333333333333,0.0,2024-01-24 16:26:04,357.0,245.95,282.6666666666667,265.0,2024-01-23 16:26:04,19.0,11.0,15.090909090909092,14.0,6.0,15.0,1.3595833333333334,3.8,1375.2,758.5,22.92,384,0.589131984475574,2.0,101,-48.0,-3.634241185664279,-3.8918202981106265,53.94999999999999,3.778596195874829,4.00642368084963,19.66666666666663,2.6992529559523355,3.02852209637698,Emery,7.5,Spring Canyon,2A
SC10,SC10_20240125,SC10_20240124,2024-01-25,2024-01-24,20,21,270.0,266.7,260.0,406.0,2024-01-25 09:56:04,309.0,299.9,302.3333333333333,0.0,2024-01-24 16:26:04,14.0,11.0,12.727272727272727,14.0,0.0,0.0,0.10680555555555554,2.0,119.30000000000001,0.0,1.9883333333333335,1,0.404293117164536,0.0,102,-39.0,-3.3912114430141664,-3.6888794541139363,-33.19999999999999,-3.214001150587008,-3.5322256440685593,-42.333333333333314,-3.4851982616587636,-3.768922161787472,Emery,7.5,Spring Canyon,2A
SC10,SC10_20240126,SC10_20240125,2024-01-26,2024-01-25,21,22,137.0,96.9,109.66666666666667,178.0,2024-01-26 09:26:04,270.0,266.7,260.0,406.0,2024-01-25 09:56:04,19.0,11.0,14.772727272727273,13.0,5.0,14.0,1.0975034674063804,3.2,1105.6000000000001,463.4,18.42666666666667,284,0.788832152157865,2.0,103,-133.0,-5.104468722001463,-4.897839799950911,-169.79999999999998,-5.53748498926711,-5.14049328135447,-150.33333333333331,-5.317225706598407,-5.019484909373238,Emery,7.5,Spring Canyon,2A
SC10,SC10_20240127,SC10_20240126,2024-01-27,2024-01-26,22,23,0.0,0.0,0.0,0.0,2024-01-27 06:56:04,137.0,96.9,109.66666666666667,178.0,2024-01-26 09:26:04,23.0,9.0,17.90909090909091,15.0,8.5,43.5,0.3365277777777778,2.0,402.5,0.0,6.708333333333333,5,0.5858570976489988,0.0,104,-137.0,-5.155136735475772,-4.927253685157205,-96.9,-4.5931214142922085,-4.583946549536464,-109.66666666666667,-4.786575142073452,-4.706522680248379,Emery,7.5,Spring Canyon,2A
SC10,SC10_20240128,SC10_20240127,2024-01-28,2024-01-27,23,24,8.0,6.699999999999996,6.333333333333333,0.0,2024-01-28 17:50:01,0.0,0.0,0.0,0.0,2024-01-27 06:56:04,25.0,9.0,18.666666666666668,9.0,8.5,47.5,0.18198198198198198,1.6,115.50000000000001,0.0,1.9250000000000003,0,0.4484344271149104,0.0,105,8.0,2.0,2.1972245773362196,6.699999999999996,1.8852036310209856,2.041220328859638,6.333333333333333,1.8501663676371822,1.992430164690206,Emery,7.5,Spring Canyon,2A
SC10,SC10_20240129,SC10_20240128,2024-01-29,2024-01-28,24,25,23.0,14.699999999999996,15.666666666666666,15.0,2024-01-29 14:50:01,8.0,6.699999999999996,6.333333333333333,0.0,2024-01-28 17:50:01,34.0,14.0,23.0,16.0,10.5,93.0,,,,,,0,,,106,15.0,2.46621207433047,2.772588722239781,8.0,2.0,2.1972245773362196,9.333333333333332,2.105453199218793,2.3353749158170363,Emery,7.5,Spring Canyon,2A
SC10,SC10_20240130,SC10_20240129,2024-01-30,2024-01-29,25,26,10.0,9.0,9.333333333333334,23.0,2024-01-30 16:20:01,23.0,14.699999999999996,15.666666666666666,15.0,2024-01-29 14:50:01,29.0,12.0,19.863636363636363,25.0,9.0,59.0,0.0,0.0,0.0,0.0,0.0,0,0.0,0.0,107,-13.0,-2.3513346877207573,-2.6390573296152584,-5.699999999999996,-1.786315987708056,-1.9021075263969198,-6.333333333333332,-1.8501663676371822,-1.992430164690206,Emery,7.5,Spring Canyon,2A
SC10,SC10_20240131,SC10_20240130,2024-01-31,2024-01-30,26,27,9.0,7.949999999999999,8.0,0.0,2024-01-31 09:50:01,10.0,9.0,9.333333333333334,23.0,2024-01-30 16:20:01,22.0,8.0,15.136363636363637,13.0,6.0,20.5,,,,,,0,,,108,-1.0,-1.0,-0.6931471805599453,-1.0500000000000007,-1.0163963568148537,-0.7178397931503172,-1.333333333333334,-1.1006424162982091,-0.8472978603872039,Emery,7.5,Spring Canyon,2A
SC12,SC12_20240129,SC12_20240128,2024-01-29,2024-01-28,2,3,159.0,70.04999999999997,88.0,140.0,2024-01-29 17:00:01,37.0,27.749999999999996,29.333333333333332,49.0,2024-01-28 07:30:00,29.0,15.0,20.727272727272727,15.0,11.0,63.0,0.6686546463245493,3.0,682.9000000000001,84.0,11.381666666666668,58,0.7369010480174872,0.0,106,122.0,4.9596756638423,4.812184355372417,42.29999999999997,3.4842832712618543,3.7681526350084433,58.66666666666667,3.885651122167637,4.088773517172646,Vincent,12.6,Spring Canyon,4A
SC12,SC12_20240130,SC12_20240129,2024-01-30,2024-01-29,3,4,143.0,138.7,138.33333333333334,584.0,2024-01-30 10:30:01,159.0,70.04999999999997,88.0,140.0,2024-01-29 17:00:01,21.0,12.0,17.045454545454547,16.0,9.0,27.5,0.6729166666666667,5.1,706.9000000000001,169.20000000000002,11.781666666666668,85,0.855637976018628,0.0,107,-16.0,-2.5198420997897464,-2.833213344056216,68.65000000000002,4.094619155818753,4.243482700225815,50.33333333333334,3.6922001096384265,3.9383403137455195,Vincent,12.6,Spring Canyon,4A
SC12,SC12_20240131,SC12_20240130,2024-01-31,2024-01-30,4,5,149.0,129.09999999999994,112.33333333333333,18.0,2024-01-31 09:30:01,143.0,138.7,138.33333333333334,584.0,2024-01-30 10:30:01,19.0,8.0,13.454545454545455,14.0,4.5,6.5,0.7084722222222223,3.4,697.7,134.8,11.628333333333334,90,0.787064509203248,0.0,108,6.0,1.8171205928321397,1.9459101490553132,-9.600000000000051,-2.125317138365226,-2.3608540011180263,-26.000000000000014,-2.9624960684073707,-3.2958368660043296,Vincent,12.6,Spring Canyon,4A
SC12,SC12_20240201,SC12_20240131,2024-02-01,2024-01-31,5,6,29.0,26.0,27.0,68.0,2024-02-01 15:30:01,149.0,129.09999999999994,112.33333333333333,18.0,2024-01-31 09:30:01,16.0,11.0,13.636363636363637,13.0,3.0,0.5,1.4730555555555553,7.2,1729.5,1409.4,28.825,448,1.4383708887592386,3.0,109,-120.0,-4.93242414866094,-4.795790545596741,-103.09999999999994,-4.689064662850841,-4.6453519756209225,-85.33333333333333,-4.402569665192835,-4.458215773031428,Vincent,12.6,Spring Canyon,4A
SC12,SC12_20240202,SC12_20240201,2024-02-02,2024-02-01,6,7,35.0,32.64999999999999,31.333333333333332,202.0,2024-02-02 08:00:01,29.0,26.0,27.0,68.0,2024-02-01 15:30:01,20.0,11.0,13.909090909090908,15.0,3.5,5.0,0.9605555555555554,5.5,965.4000000000001,325.4999999999999,16.09,162,0.9196808873905299,2.0,110,6.0,1.8171205928321397,1.9459101490553132,6.6499999999999915,1.880502355567802,2.0347056478384435,4.333333333333332,1.630324415502916,1.6739764335716714,Vincent,12.6,Spring Canyon,4A
SC12,SC12_20240203,SC12_20240202,2024-02-03,2024-02-02,7,8,26.0,25.599999999999994,23.333333333333332,22.0,2024-02-03 11:30:01,35.0,32.64999999999999,31.333333333333332,202.0,2024-02-02 08:00:01,16.0,6.0,11.590909090909092,8.0,0.5,0.5,1.2962552011095698,4.1,1246.9,889.5999999999999,20.78166666666667,376,1.023227901429958,2.0,111,-9.0,-2.080083823051904,-2.302585092994046,-7.049999999999997,-1.9174749793745378,-2.085672091430472,-8.0,-2.0,-2.1972245773362196,Vincent,12.6,Spring Canyon,4A
SC4,SC4_20231205,SC4_20231204,2023-12-05,2023-12-04,2,3,193.0,187.0,188.33333333333334,104.0,2023-12-05 07:00:01,569.0,497.0,465.0,377.0,2023-12-04 09:30:01,24.0,9.0,18.238095238095237,19.0,8.5,44.0,0.3317614424410541,2.0,360.8,0.0,6.013333333333334,6,0.6208751386074274,0.0,51,-376.0,-7.217652160277389,-5.932245187448011,-310.0,-6.767899452107007,-5.739792912179234,-276.66666666666663,-6.516068070625169,-5.626421353498733,Kevin,6.3,Spring Canyon,2A
SC4,SC4_20231206,SC4_20231205,2023-12-06,2023-12-05,3,4,6.0,4.849999999999998,4.333333333333333,0.0,2023-12-06 15:30:01,193.0,187.0,188.33333333333334,104.0,2023-12-05 07:00:01,30.0,12.0,22.571428571428573,13.0,9.0,83.5,0.23222222222222222,2.0,236.50000000000003,0.0,3.9416666666666673,1,0.43145824386066955,0.0,52,-187.0,-5.718479064871316,-5.236441962829949,-182.15,-5.668607562750467,-5.210305489224823,-184.0,-5.68773395970313,-5.220355825078324,Kevin,6.3,Spring Canyon,2A
SC4,SC4_20231207,SC4_20231206,2023-12-07,2023-12-06,4,5,184.0,169.9,174.0,80.0,2023-12-07 16:00:01,6.0,4.849999999999998,4.333333333333333,0.0,2023-12-06 15:30:01,21.0,10.0,14.5,18.0,4.5,13.5,0.6131761442441054,3.2,638.3000000000001,45.40000000000001,10.638333333333334,52,0.7209601631077901,0.0,53,178.0,5.6252263283418555,5.187385805840755,165.05,5.485360517344216,5.112288947822756,169.66666666666666,5.536035196037014,5.139712336371398,Kevin,6.3,Spring Canyon,2A
SC4,SC4_20231208,SC4_20231207,2023-12-08,2023-12-07,5,6,337.0,268.0,290.3333333333333,547.0,2023-12-08 15:00:01,184.0,169.9,174.0,80.0,2023-12-07 16:00:01,20.0,9.0,15.590909090909092,14.0,6.5,20.5,1.7270833333333333,4.3,1756.5,1472.6999999999998,29.275,585,0.750448984755423,3.0,54,153.0,5.348481241239363,5.0369526024136295,98.1,4.612003934577097,4.596129441335942,116.33333333333331,4.88166594857283,4.765018886929988,Kevin,6.3,Spring Canyon,2A
SC4,SC4_20231209,SC4_20231208,2023-12-09,2023-12-08,6,7,257.0,248.0,244.66666666666666,199.0,2023-12-09 07:30:01,337.0,268.0,290.3333333333333,547.0,2023-12-08 15:00:01,20.0,9.0,15.285714285714286,19.0,7.0,16.5,1.7206657420249656,4.1,1749.7000000000003,1410.1999999999998,29.161666666666672,597,0.5086656977915103,2.5,55,-80.0,-4.308869380063767,-4.394449154672439,-20.0,-2.7144176165949063,-3.044522437723423,-45.66666666666666,-3.5743721763612517,-3.8430301339411943,Kevin,6.3,Spring Canyon,2A
SC4,SC4_20231210,SC4_20231209,2023-12-10,2023-12-09,7,8,28.0,19.0,21.666666666666668,19.0,2023-12-10 15:00:01,257.0,248.0,244.66666666666666,199.0,2023-12-09 07:30:01,26.0,8.0,18.38095238095238,8.0,7.5,49.5,0.32458333333333333,2.4,372.6,9.0,6.21,10,0.56889652356133,0.0,56,-229.0,-6.11803317263662,-5.438079308923196,-229.0,-6.11803317263662,-5.438079308923196,-223.0,-6.064126994506963,-5.4116460518550396,Kevin,6.3,Spring Canyon,2A
SC4,SC4_20231211,SC4_20231210,2023-12-11,2023-12-10,8,9,37.0,27.0,26.333333333333332,16.0,2023-12-11 17:00:01,28.0,19.0,21.666666666666668,19.0,2023-12-10 15:00:01,22.0,6.0,16.666666666666668,20.0,7.0,36.0,0.31347222222222226,2.0,326.3,0.0,5.4383333333333335,1,0.5879559045771121,0.0,57,9.0,2.080083823051904,2.302585092994046,8.0,2.0,2.1972245773362196,4.666666666666664,1.6710993116548611,1.734601055388106,Kevin,6.3,Spring Canyon,2A
SC4,SC4_20231212,SC4_20231211,2023-12-12,2023-12-11,9,10,54.0,45.0,48.0,82.0,2023-12-12 08:30:01,37.0,27.0,26.333333333333332,16.0,2023-12-11 17:00:01,23.0,12.0,18.142857142857142,13.0,7.5,39.5,0.6877777777777777,3.2,734.7,62.80000000000001,12.245000000000001,68,0.7104131836586328,0.0,58,17.0,2.571281590658235,2.8903717578961645,18.0,2.6207413942088964,2.9444389791664403,21.666666666666668,2.7878155357897314,3.120895416507997,Kevin,6.3,Spring Canyon,2A
SC4,SC4_20231213,SC4_20231212,2023-12-13,2023-12-12,10,11,18.0,16.0,16.666666666666668,9.0,2023-12-13 15:00:01,54.0,45.0,48.0,82.0,2023-12-12 08:30:01,22.0,6.0,16.904761904761905,8.0,7.0,39.5,0.5076388888888889,2.8,545.8000000000001,74.6,9.096666666666668,60,0.7864758083930184,0.0,59,-36.0,-3.3019272488946263,-3.6109179126442243,-29.0,-3.072316825685847,-3.4011973816621555,-31.333333333333332,-3.152599964240036,-3.476098689835273,Kevin,6.3,Spring Canyon,2A
SC4,SC4_20231214,SC4_20231213,2023-12-14,2023-12-13,11,12,5.0,5.0,4.333333333333333,2.0,2023-12-14 07:00:01,18.0,16.0,16.666666666666668,9.0,2023-12-13 15:00:01,21.0,4.0,16.0,19.0,7.0,32.5,0.4342579750346741,2.0,432.0,0.0,7.2,2,0.6481592532933825,0.0,60,-13.0,-2.3513346877207573,-2.6390573296152584,-11.0,-2.2239800905693152,-2.4849066497880004,-12.333333333333336,-2.3104335894762698,-2.5902671654458267,Kevin,6.3,Spring Canyon,2A
SC4,SC4_20231215,SC4_20231214,2023-12-15,2023-12-14,12,13,0.0,0.0,0.0,0.0,2023-12-15 07:00:01,5.0,5.0,4.333333333333333,2.0,2023-12-14 07:00:01,28.0,7.0,19.904761904761905,7.0,8.0,66.5,0.37625000000000003,4.1,494.2,125.9,8.236666666666666,76,0.8151099238233543,0.0,61,-5.0,-1.7099759466766968,-1.791759469228055,-5.0,-1.7099759466766968,-1.791759469228055,-4.333333333333333,-1.630324415502916,-1.6739764335716716,Kevin,6.3,Spring Canyon,2A
SC4,SC4_20231216,SC4_20231215,2023-12-16,2023-12-15,13,14,150.0,129.0,127.66666666666667,2.0,2023-12-16 16:20:01,0.0,0.0,0.0,0.0,2023-12-15 07:00:01,32.0,7.0,21.45,8.0,7.5,79.5,0.463245492371706,4.1,614.4000000000001,169.39999999999998,10.240000000000002,88,0.8173289557917615,0.0,62,150.0,5.313292845913055,5.017279836814924,129.0,5.05277434720856,4.867534450455582,127.66666666666667,5.035305670703076,4.857225080796721,Kevin,6.3,Spring Canyon,2A
SC4,SC4_20231217,SC4_20231216,2023-12-17,2023-12-16,14,15,135.0,135.0,132.0,48.0,2023-12-17 07:50:01,150.0,129.0,127.66666666666667,2.0,2023-12-16 16:20:01,29.0,15.0,21.761904761904763,17.0,10.5,71.0,0.3822222222222222,2.4,467.5,22.599999999999998,7.791666666666667,25,0.6709755138332604,0.0,63,-15.0,-2.46621207433047,-2.772588722239781,6.0,1.8171205928321397,1.9459101490553132,4.333333333333329,1.6303244155029155,1.6739764335716707,Kevin,6.3,Spring Canyon,2A
SC4,SC4_20231218,SC4_20231217,2023-12-18,2023-12-17,15,16,8.0,7.050000000000001,7.333333333333333,0.0,2023-12-18 07:50:01,135.0,135.0,132.0,48.0,2023-12-17 07:50:01,30.0,13.0,20.571428571428573,14.0,9.0,60.5,0.2038888888888889,3.4,235.89999999999998,20.8,3.931666666666666,11,0.5629991046259418,0.0,64,-127.0,-5.026525695313479,-4.852030263919617,-127.95,-5.039027905236927,-4.859424732327354,-124.66666666666667,-4.995551599075079,-4.833632898779901,Kevin,6.3,Spring Canyon,2A
SC4,SC4_20231219,SC4_20231218,2023-12-19,2023-12-18,16,17,0.0,0.0,0.0,0.0,2023-12-19 06:50:01,8.0,7.050000000000001,7.333333333333333,0.0,2023-12-18 07:50:01,23.0,14.0,17.4,17.0,9.0,25.0,1.0666666666666667,4.5,1293.5,579.8,21.558333333333334,300,0.7139201260478232,2.0,65,-8.0,-2.0,-2.1972245773362196,-7.050000000000001,-1.917474979374538,-2.0856720914304723,-7.333333333333333,-1.9428255610838185,-2.120263536200091,Kevin,6.3,Spring Canyon,2A
SC4,SC4_20231221,SC4_20231220,2023-12-21,2023-12-20,18,19,4.0,3.0,3.0,3.0,2023-12-21 13:50:01,0.0,0.0,0.0,0.0,2023-12-20 07:20:01,14.0,11.0,12.3,13.0,0.0,0.0,0.9780555555555556,5.7,1260.5,772.2,21.008333333333333,319,1.0782975124802567,2.0,67,4.0,1.5874010519681994,1.6094379124341003,3.0,1.4422495703074083,1.3862943611198906,3.0,1.4422495703074083,1.3862943611198906,Kevin,6.3,Spring Canyon,2A
SC4,SC4_20231222,SC4_20231221,2023-12-22,2023-12-21,19,20,131.0,130.0,126.66666666666667,80.0,2023-12-22 16:20:01,4.0,3.0,3.0,3.0,2023-12-21 13:50:01,22.0,12.0,14.857142857142858,17.0,4.5,11.5,0.6667128987517337,5.9,914.4000000000001,494.5,15.240000000000002,195,1.168630883988289,0.0,68,127.0,5.026525695313479,4.852030263919617,127.0,5.026525695313479,4.852030263919617,123.66666666666667,4.982158635083963,4.825643508746422,Kevin,6.3,Spring Canyon,2A
SC4,SC4_20231223,SC4_20231222,2023-12-23,2023-12-22,20,21,208.0,107.30000000000007,137.0,0.0,2023-12-23 10:20:01,131.0,130.0,126.66666666666667,80.0,2023-12-22 16:20:01,23.0,11.0,17.333333333333332,16.0,7.5,33.0,0.4568055555555555,2.6,489.2,16.2,8.153333333333332,18,0.6658527716094996,0.0,69,77.0,4.254320865115005,4.356708826689592,-22.699999999999932,-2.8314481885281833,-3.1654750481410825,10.333333333333329,2.178111692362524,2.427748235948051,Kevin,6.3,Spring Canyon,2A
SC4,SC4_20231224,SC4_20231223,2023-12-24,2023-12-23,21,22,322.0,263.0,249.66666666666666,48.0,2023-12-24 16:20:01,208.0,107.30000000000007,137.0,0.0,2023-12-23 10:20:01,15.0,12.0,12.9,15.0,0.5,0.0,1.3070833333333332,3.2,1233.6,639.4000000000001,20.56,327,0.7831074650442728,2.0,70,114.0,4.848807585839879,4.74493212836325,155.69999999999993,5.37975962036878,5.054333149361975,112.66666666666666,4.829829671155933,4.733270188615407,Kevin,6.3,Spring Canyon,2A
SC4,SC4_20231225,SC4_20231224,2023-12-25,2023-12-24,22,23,234.0,234.0,234.0,40.0,2023-12-25 07:20:01,322.0,263.0,249.66666666666666,48.0,2023-12-24 16:20:01,21.0,8.0,15.952380952380953,14.0,7.0,27.0,0.8170833333333333,3.0,837.4000000000001,123.0,13.956666666666669,113,0.739165862410245,1.5,71,-88.0,-4.4479601811386305,-4.48863636973214,-29.0,-3.072316825685847,-3.4011973816621555,-15.666666666666657,-2.5022202498347705,-2.813410716760036,Kevin,6.3,Spring Canyon,2A
SC4,SC4_20231226,SC4_20231225,2023-12-26,2023-12-25,23,24,166.0,157.45000000000002,150.66666666666666,61.0,2023-12-26 07:20:01,234.0,234.0,234.0,40.0,2023-12-25 07:20:01,20.0,6.0,15.35,6.0,6.5,22.0,0.5923611111111111,2.8,602.9,48.80000000000001,10.048333333333334,45,0.7394364900550359,0.0,72,-68.0,-4.081655101917348,-4.23410650459726,-76.54999999999998,-4.246017029693511,-4.350922889622548,-83.33333333333334,-4.367902323681494,-4.43477720005941,Kevin,6.3,Spring Canyon,2A
SC4,SC4_20231227,SC4_20231226,2023-12-27,2023-12-26,24,25,118.0,118.0,118.0,47.0,2023-12-27 07:20:00,166.0,157.45000000000002,150.66666666666666,61.0,2023-12-26 07:20:01,18.0,7.0,13.2,7.0,3.0,3.5,0.26555555555555554,2.0,275.3,0.0,4.588333333333334,2,0.5213467983598815,0.0,73,-48.0,-3.634241185664279,-3.8918202981106265,-39.45000000000002,-3.404204717222132,-3.7000666435045013,-32.66666666666666,-3.196697982774059,-3.5165082281731497,Kevin,6.3,Spring Canyon,2A
SC4,SC4_20231228,SC4_20231227,2023-12-28,2023-12-27,25,26,6.0,3.150000000000002,3.6666666666666665,3.0,2023-12-28 13:50:01,118.0,118.0,118.0,47.0,2023-12-27 07:20:00,22.0,10.0,15.571428571428571,11.0,6.0,17.5,0.3238888888888889,2.8,424.8,22.0,7.08,11,0.5731692145777182,0.0,74,-112.0,-4.820284528350459,-4.727387818712341,-114.85,-4.8608288876212,-4.752296250878385,-114.33333333333333,-4.853528920454442,-4.747826486389615,Kevin,6.3,Spring Canyon,2A
SC4,SC4_20231229,SC4_20231228,2023-12-29,2023-12-28,26,27,1.0,1.0,1.0,0.0,2023-12-29 07:20:01,6.0,3.150000000000002,3.6666666666666665,3.0,2023-12-28 13:50:01,24.0,9.0,17.15,22.0,8.0,31.0,0.2751733703190014,1.6,278.9,0.0,4.6483333333333325,0,0.4856622435020514,0.0,75,-5.0,-1.7099759466766968,-1.791759469228055,-2.150000000000002,-1.290662880674033,-1.1474024528375424,-2.6666666666666665,-1.3867225487012693,-1.2992829841302609,Kevin,6.3,Spring Canyon,2A
SC4,SC4_20231230,SC4_20231229,2023-12-30,2023-12-29,27,28,88.0,85.15,84.66666666666667,12.0,2023-12-30 15:50:01,1.0,1.0,1.0,0.0,2023-12-29 07:20:01,17.0,12.0,14.476190476190476,12.0,4.0,3.0,0.6288888888888889,4.7,829.8000000000001,203.70000000000002,13.830000000000002,135,0.8359411675500896,0.0,76,87.0,4.431047621693634,4.477336814478207,84.15,4.382124446355954,4.444414407108697,83.66666666666667,4.3737184454967455,4.438721978350427,Kevin,6.3,Spring Canyon,2A
SC4,SC4_20231231,SC4_20231230,2023-12-31,2023-12-30,28,29,141.0,141.0,140.33333333333334,2.0,2023-12-31 12:20:01,88.0,85.15,84.66666666666667,12.0,2023-12-30 15:50:01,17.0,11.0,14.05,14.0,4.5,4.0,1.1452149791955617,4.5,1111.1,466.9,18.51833333333333,210,0.9044525653141656,1.5,77,53.0,3.756285754221072,3.9889840465642745,55.849999999999994,3.822443362503316,4.040416220196545,55.66666666666667,3.8182562572811785,4.037186148382152,Kevin,6.3,Spring Canyon,2A
SC4,SC4_20240101,SC4_20231231,2024-01-01,2023-12-31,29,30,12.0,12.0,11.333333333333334,26.0,2024-01-01 13:20:01,141.0,141.0,140.33333333333334,2.0,2023-12-31 12:20:01,18.0,10.0,13.0,13.0,1.5,2.0,0.29833333333333334,4.1,412.1,87.2,6.868333333333334,56,0.7797328329857848,0.0,78,-129.0,-5.05277434720856,-4.867534450455582,-129.0,-5.05277434720856,-4.867534450455582,-129.0,-5.05277434720856,-4.867534450455582,Kevin,6.3,Spring Canyon,2A
SC4,SC4_20240102,SC4_20240101,2024-01-02,2024-01-01,30,31,6.0,6.0,5.666666666666667,25.0,2024-01-02 07:20:01,12.0,12.0,11.333333333333334,26.0,2024-01-01 13:20:01,23.0,8.0,17.38095238095238,22.0,7.0,38.5,0.6083333333333333,2.4,636.1,25.599999999999994,10.601666666666667,31,0.7019675501818212,0.0,79,-6.0,-1.8171205928321397,-1.9459101490553132,-6.0,-1.8171205928321397,-1.9459101490553132,-5.666666666666667,-1.782827080413121,-1.8971199848858813,Kevin,6.3,Spring Canyon,2A
SC4,SC4_20240103,SC4_20240102,2024-01-03,2024-01-02,31,32,120.0,111.0,114.0,39.0,2024-01-03 15:20:01,6.0,6.0,5.666666666666667,25.0,2024-01-02 07:20:01,21.0,5.0,15.666666666666666,5.0,7.0,26.0,0.46319444444444446,2.0,489.70000000000005,0.0,8.161666666666667,5,0.6016273551164,0.0,80,114.0,4.848807585839879,4.74493212836325,105.0,4.7176939803165325,4.663439094112067,108.33333333333333,4.767097509972049,4.694401319716034,Kevin,6.3,Spring Canyon,2A
SC4,SC4_20240104,SC4_20240103,2024-01-04,2024-01-03,32,33,153.0,152.0,152.33333333333334,154.0,2024-01-04 09:20:01,120.0,111.0,114.0,39.0,2024-01-03 15:20:01,18.0,10.0,14.285714285714286,16.0,6.0,7.5,1.65375,4.9,1614.1,1303.6000000000001,26.901666666666664,482,1.1185946706663163,3.0,81,33.0,3.207534329995826,3.5263605246161616,41.0,3.4482172403827303,3.7376696182833684,38.33333333333334,3.3717771398314698,3.672072335797555,Kevin,6.3,Spring Canyon,2A
SC4,SC4_20240105,SC4_20240104,2024-01-05,2024-01-04,33,34,127.0,118.6,116.66666666666667,87.0,2024-01-05 07:20:01,153.0,152.0,152.33333333333334,154.0,2024-01-04 09:20:01,18.0,6.0,13.727272727272727,11.0,6.0,12.0,1.2703190013869625,3.4,1270.1,731.5999999999999,21.168333333333333,354,0.725130062570643,2.0,82,-26.0,-2.9624960684073702,-3.295836866004329,-33.400000000000006,-3.220442051883746,-3.5380565643793527,-35.66666666666667,-3.2917044984880826,-3.6018680771243066,Kevin,6.3,Spring Canyon,2A
SC6,SC6_20231217,SC6_20231216,2023-12-17,2023-12-16,2,3,120.0,118.0,115.66666666666667,36.0,2023-12-17 07:50:01,284.0,267.0,249.0,14.0,2023-12-16 15:20:01,23.0,16.0,18.761904761904763,18.0,10.5,39.5,0.6360610263522886,3.7,669.5000000000001,137.89999999999998,11.158333333333335,94,0.8065800819332377,0.0,63,-164.0,-5.473703674798427,-5.10594547390058,-149.0,-5.301459192380904,-5.0106352940962555,-133.33333333333331,-5.108729549290353,-4.9003242732785735,Vincent,12.6,Spring Canyon,4A
SC6,SC6_20231218,SC6_20231217,2023-12-18,2023-12-17,3,4,77.0,65.60000000000001,62.666666666666664,3.0,2023-12-18 07:50:01,120.0,118.0,115.66666666666667,36.0,2023-12-17 07:50:01,24.0,14.0,19.142857142857142,14.0,9.5,44.5,0.4962499999999999,4.3,496.6,22.599999999999998,8.276666666666667,15,0.6303672952371907,0.0,64,-43.0,-3.503398060386724,-3.784189633918261,-52.39999999999999,-3.7420572627315374,-3.977810745966149,-53.00000000000001,-3.756285754221072,-3.9889840465642745,Vincent,12.6,Spring Canyon,4A
SC6,SC6_20231219,SC6_20231218,2023-12-19,2023-12-18,4,5,18.0,18.0,18.0,12.0,2023-12-19 09:20:01,77.0,65.60000000000001,62.666666666666664,3.0,2023-12-18 07:50:01,19.0,14.0,16.8,17.0,9.5,18.5,1.6515277777777777,5.7,1656.5,1171.9,27.608333333333334,506,0.7912329534449479,2.0,65,-59.0,-3.8929964158732604,-4.0943445622221,-47.60000000000001,-3.6241178987255163,-3.883623530906448,-44.666666666666664,-3.5480890771361686,-3.821368637160015,Vincent,12.6,Spring Canyon,4A
SC6,SC6_20231220,SC6_20231219,2023-12-20,2023-12-19,5,6,17.0,17.0,17.0,0.0,2023-12-20 07:50:01,18.0,18.0,18.0,12.0,2023-12-19 09:20:01,16.0,14.0,15.15,15.0,8.5,3.0,1.1286111111111112,3.8,1149.9,322.19999999999993,19.165000000000003,210,0.5473210454960026,2.0,66,-1.0,-1.0,-0.6931471805599453,-1.0,-1.0,-0.6931471805599453,-1.0,-1.0,-0.6931471805599453,Vincent,12.6,Spring Canyon,4A
SC6,SC6_20231221,SC6_20231220,2023-12-21,2023-12-20,6,7,15.0,15.0,14.666666666666666,0.0,2023-12-21 08:50:01,17.0,17.0,17.0,0.0,2023-12-20 07:50:01,15.0,11.0,12.8,14.0,0.5,0.0,1.6833333333333333,7.2,1770.3999999999999,1245.6,29.506666666666664,468,1.0429597815145606,2.0,67,-2.0,-1.2599210498948732,-1.0986122886681098,-2.0,-1.2599210498948732,-1.0986122886681098,-2.333333333333334,-1.3263524026321307,-1.2039728043259361,Vincent,12.6,Spring Canyon,4A
SC6,SC6_20231222,SC6_20231221,2023-12-22,2023-12-21,7,8,135.0,65.65000000000005,83.0,52.0,2023-12-22 15:20:01,15.0,15.0,14.666666666666666,0.0,2023-12-21 08:50:01,17.0,13.0,14.55,13.0,4.0,5.0,1.318862690707351,5.7,1365.1000000000001,811.9,22.75166666666667,345,0.8794948395265837,2.0,68,120.0,4.93242414866094,4.795790545596741,50.65000000000005,3.699926952538875,3.9444901955656486,68.33333333333333,4.088313604914845,4.238925791033208,Vincent,12.6,Spring Canyon,4A
SC6,SC6_20231223,SC6_20231222,2023-12-23,2023-12-22,8,9,56.0,48.400000000000006,50.666666666666664,0.0,2023-12-23 10:20:01,135.0,65.65000000000005,83.0,52.0,2023-12-22 15:20:01,18.0,12.0,15.55,16.0,7.5,11.0,0.61875,2.6,631.7,34.4,10.528333333333334,29,0.583692369142945,1.0,69,-79.0,-4.290840427026207,-4.382026634673881,-17.250000000000043,-2.5838246261818134,-2.904165080028503,-32.333333333333336,-3.1857876658806714,-3.506557897319982,Vincent,12.6,Spring Canyon,4A
SC6,SC6_20231224,SC6_20231223,2023-12-24,2023-12-23,9,10,75.0,73.0,72.66666666666667,120.0,2023-12-24 15:50:01,56.0,48.400000000000006,50.666666666666664,0.0,2023-12-23 10:20:01,14.0,12.0,13.1,14.0,0.0,0.0,1.3654646324549238,4.1,1329.1999999999998,755.5,22.15333333333333,347,0.8198683078551727,2.0,70,19.0,2.668401648721945,2.995732273553991,24.599999999999994,2.9083390575954486,3.2425923514855164,22.000000000000007,2.8020393306553872,3.13549421592915,Vincent,12.6,Spring Canyon,4A
SC6,SC6_20231225,SC6_20231224,2023-12-25,2023-12-24,10,11,84.0,77.35000000000001,77.66666666666667,122.0,2023-12-25 16:20:01,75.0,73.0,72.66666666666667,120.0,2023-12-24 15:50:01,16.0,9.0,13.047619047619047,14.0,2.5,1.0,0.9626388888888887,3.7,991.0,265.09999999999997,16.516666666666666,176,0.6737669530108734,2.0,71,9.0,2.080083823051904,2.302585092994046,4.3500000000000085,1.632411901029493,1.6770965609079167,5.0,1.7099759466766968,1.791759469228055,Vincent,12.6,Spring Canyon,4A
SC6,SC6_20231226,SC6_20231225,2023-12-26,2023-12-25,11,12,79.0,63.80000000000001,68.33333333333333,32.0,2023-12-26 10:20:01,84.0,77.35000000000001,77.66666666666667,122.0,2023-12-25 16:20:01,16.0,7.0,12.5,14.0,2.0,0.5,0.8097087378640776,3.4,823.5,220.79999999999995,13.725,145,0.7573878947921504,1.0,72,-5.0,-1.7099759466766968,-1.791759469228055,-13.549999999999997,-2.38403758780428,-2.6775909936175015,-9.333333333333343,-2.1054531992187937,-2.3353749158170376,Vincent,12.6,Spring Canyon,4A
SC6,SC6_20231227,SC6_20231226,2023-12-27,2023-12-26,12,13,108.0,94.70000000000002,94.0,73.0,2023-12-27 11:50:01,79.0,63.80000000000001,68.33333333333333,32.0,2023-12-26 10:20:01,15.0,8.0,12.85,13.0,1.5,0.0,0.6293055555555556,3.0,613.5,58.800000000000004,10.225,46,0.6656659010300577,1.0,73,29.0,3.072316825685847,3.4011973816621555,30.900000000000006,3.137999185135957,3.462606009790799,25.66666666666667,2.9497813365326353,3.283414346005772,Vincent,12.6,Spring Canyon,4A
SC6,SC6_20231228,SC6_20231227,2023-12-28,2023-12-27,13,14,83.0,83.0,81.66666666666667,233.0,2023-12-28 15:20:01,108.0,94.70000000000002,94.0,73.0,2023-12-27 11:50:01,17.0,10.0,14.15,15.0,5.5,3.0,0.25430555555555556,2.4,286.59999999999997,11.4,4.776666666666666,7,0.5554850751151013,0.0,74,-25.0,-2.924017738212866,-3.258096538021482,-11.700000000000017,-2.270188680649386,-2.541601993464547,-12.333333333333329,-2.3104335894762693,-2.5902671654458262,Vincent,12.6,Spring Canyon,4A
SC6,SC6_20231229,SC6_20231228,2023-12-29,2023-12-28,14,15,77.0,61.0,65.66666666666667,2.0,2023-12-29 07:50:01,83.0,83.0,81.66666666666667,233.0,2023-12-28 15:20:01,18.0,10.0,14.9,16.0,7.5,8.0,0.5925,2.2,576.0,2.2,9.6,12,0.5625790007882943,1.0,75,-6.0,-1.8171205928321397,-1.9459101490553132,-22.0,-2.802039330655387,-3.1354942159291497,-16.0,-2.5198420997897464,-2.833213344056216,Vincent,12.6,Spring Canyon,4A
SC6,SC6_20231230,SC6_20231229,2023-12-30,2023-12-29,15,16,70.0,69.05,68.66666666666667,53.0,2023-12-30 14:20:01,77.0,61.0,65.66666666666667,2.0,2023-12-29 07:50:01,16.0,13.0,14.523809523809524,13.0,4.0,2.0,1.0243055555555556,3.7,1079.6,407.9,17.993333333333332,240,0.7015974002725722,2.0,76,-7.0,-1.912931182772389,-2.0794415416798357,8.049999999999997,2.004158016126915,2.2027647577118343,3.0,1.4422495703074083,1.3862943611198906,Vincent,12.6,Spring Canyon,4A
SC6,SC6_20231231,SC6_20231230,2023-12-31,2023-12-30,16,17,26.0,26.0,26.0,0.0,2023-12-31 10:20:01,70.0,69.05,68.66666666666667,53.0,2023-12-30 14:20:01,15.0,12.0,13.55,15.0,1.5,0.0,1.1449375866851594,4.5,1138.3000000000002,559.0,18.97166666666667,229,0.9886616416034634,1.0,77,-44.0,-3.530348335326063,-3.8066624897703196,-43.05,-3.5047554406311745,-3.7853253523821886,-42.66666666666667,-3.494321858945195,-3.776585034533042,Vincent,12.6,Spring Canyon,4A
SC6,SC6_20240101,SC6_20231231,2024-01-01,2023-12-31,17,18,165.0,164.0,127.33333333333333,237.0,2024-01-01 17:00:01,26.0,26.0,26.0,0.0,2023-12-31 10:20:01,16.0,11.0,13.05,13.0,1.5,0.5,0.6913888888888889,3.8,713.8,208.99999999999994,11.896666666666667,99,0.8336178930010127,1.0,78,139.0,5.180101467380292,4.941642422609304,138.0,5.167649252363622,4.9344739331306915,101.33333333333333,4.662127104787245,4.628235458919088,Vincent,12.6,Spring Canyon,4A
SC6,SC6_20240102,SC6_20240101,2024-01-02,2024-01-01,18,19,144.0,137.0,138.33333333333334,332.0,2024-01-02 07:20:01,165.0,164.0,127.33333333333333,237.0,2024-01-01 17:00:01,17.0,10.0,14.285714285714286,14.0,7.0,5.0,0.8381414701803053,3.0,861.7,96.2,14.361666666666668,80,0.6313708736955046,1.5,79,-21.0,-2.7589241763811203,-3.091042453358316,-27.0,-3.0,-3.332204510175204,11.000000000000014,2.2239800905693166,2.4849066497880017,Vincent,12.6,Spring Canyon,4A
SC6,SC6_20240103,SC6_20240102,2024-01-03,2024-01-02,19,20,79.0,79.0,77.66666666666667,408.0,2024-01-03 09:20:01,144.0,137.0,138.33333333333334,332.0,2024-01-02 07:20:01,16.0,7.0,13.095238095238095,7.0,5.0,0.5,0.8320833333333334,2.6,831.4000000000001,63.80000000000001,13.856666666666667,64,0.5398242443652493,1.0,80,-65.0,-4.020725758589058,-4.189654742026425,-58.0,-3.8708766406277966,-4.07753744390572,-60.66666666666667,-3.9293137781203566,-4.121743536410215,Vincent,12.6,Spring Canyon,4A
SC6,SC6_20240104,SC6_20240103,2024-01-04,2024-01-03,20,21,41.0,34.0,36.333333333333336,224.0,2024-01-04 15:30:01,79.0,79.0,77.66666666666667,408.0,2024-01-03 09:20:01,15.0,10.0,12.761904761904763,11.0,0.5,0.0,1.6368055555555556,5.3,1676.3000000000002,1383.5,27.938333333333336,471,1.1517403247993077,3.0,81,-38.0,-3.361975406798963,-3.6635616461296463,-45.0,-3.5568933044900626,-3.828641396489095,-41.333333333333336,-3.4575367917605067,-3.7455747977904816,Vincent,12.6,Spring Canyon,4A
SC6,SC6_20240105,SC6_20240104,2024-01-05,2024-01-04,21,22,31.0,31.0,30.666666666666668,149.0,2024-01-05 10:30:01,41.0,34.0,36.333333333333336,224.0,2024-01-04 15:30:01,14.0,7.0,11.619047619047619,13.0,0.0,0.0,1.1244444444444446,3.8,1172.7,500.19999999999993,19.545,278,0.6616820928007956,1.0,82,-10.0,-2.154434690031884,-2.3978952727983707,-3.0,-1.4422495703074083,-1.3862943611198906,-5.666666666666668,-1.7828270804131212,-1.8971199848858815,Vincent,12.6,Spring Canyon,4A
SC8,SC8_20240107,SC8_20240106,2024-01-07,2024-01-06,2,3,243.0,237.0,239.0,9.0,2024-01-07 06:50:01,264.0,252.95,256.3333333333333,1.0,2024-01-06 06:50:01,14.0,6.0,11.636363636363637,6.0,0.0,0.0,0.9413888888888888,4.9,945.5,266.49999999999994,15.758333333333333,101,0.8961862115092342,1.5,84,-21.0,-2.7589241763811203,-3.091042453358316,-15.949999999999989,-2.5172145253086704,-2.8302678338264586,-17.333333333333314,-2.5879786922187678,-2.9087208965643603,Skyler,16.5,Spring Canyon,4A
SC8,SC8_20240108,SC8_20240107,2024-01-08,2024-01-07,3,4,242.0,242.0,242.0,32.0,2024-01-08 16:20:01,243.0,237.0,239.0,9.0,2024-01-07 06:50:01,15.0,6.0,10.545454545454545,6.0,0.5,0.0,1.4958333333333333,5.1,1554.5,1052.8,25.908333333333335,486,0.7036773262495173,2.0,85,-1.0,-1.0,-0.6931471805599453,5.0,1.7099759466766968,1.791759469228055,3.0,1.4422495703074083,1.3862943611198906,Skyler,16.5,Spring Canyon,4A
SC8,SC8_20240109,SC8_20240108,2024-01-09,2024-01-08,4,5,255.0,254.95,254.66666666666666,26.0,2024-01-09 08:50:01,242.0,242.0,242.0,32.0,2024-01-08 16:20:01,15.0,4.0,10.590909090909092,12.0,0.5,0.0,1.2938888888888889,4.1,1326.3,608.4000000000001,22.105,338,0.625239731491756,2.0,86,13.0,2.3513346877207573,2.6390573296152584,12.949999999999989,2.3483162830063447,2.6354795082673736,12.666666666666657,2.331063552393622,2.6149597780361975,Skyler,16.5,Spring Canyon,4A
SC8,SC8_20240110,SC8_20240109,2024-01-10,2024-01-09,5,6,253.0,252.0,252.33333333333334,9.0,2024-01-10 08:20:01,255.0,254.95,254.66666666666666,26.0,2024-01-09 08:50:01,16.0,7.0,12.045454545454545,9.0,2.0,0.5,1.161026352288488,3.4,1230.5,493.0,20.508333333333333,266,0.6078286084072843,1.5,87,-2.0,-1.2599210498948732,-1.0986122886681098,-2.9499999999999886,-1.4341921420171202,-1.3737155789130275,-2.3333333333333144,-1.326352402632127,-1.2039728043259303,Skyler,16.5,Spring Canyon,4A
SC8,SC8_20240111,SC8_20240110,2024-01-11,2024-01-10,6,7,245.0,245.0,245.0,4.0,2024-01-11 06:50:01,253.0,252.0,252.33333333333334,9.0,2024-01-10 08:20:01,15.0,7.0,11.409090909090908,8.0,0.5,0.0,1.3605555555555555,4.9,1467.0,900.8,24.45,346,0.933242884219193,1.5,88,-8.0,-2.0,-2.1972245773362196,-7.0,-1.912931182772389,-2.0794415416798357,-7.333333333333343,-1.9428255610838194,-2.1202635362000923,Skyler,16.5,Spring Canyon,4A
SC8,SC8_20240112,SC8_20240111,2024-01-12,2024-01-11,7,8,212.0,212.0,212.0,10.0,2024-01-12 15:30:01,245.0,245.0,245.0,4.0,2024-01-11 06:50:01,15.0,6.0,10.5,7.0,0.5,0.0,1.179889042995839,4.1,1239.1000000000001,379.20000000000005,20.651666666666667,250,0.5458568150218325,2.0,89,-33.0,-3.207534329995826,-3.5263605246161616,-33.0,-3.207534329995826,-3.5263605246161616,-33.0,-3.207534329995826,-3.5263605246161616,Skyler,16.5,Spring Canyon,4A
SC8,SC8_20240113,SC8_20240112,2024-01-13,2024-01-12,8,9,227.0,226.95,226.66666666666666,2.0,2024-01-13 07:30:01,212.0,212.0,212.0,10.0,2024-01-12 15:30:01,15.0,6.0,10.863636363636363,13.0,0.5,0.0,1.2586111111111111,4.3,1334.5,650.7,22.241666666666667,353,0.7328676688800173,2.0,90,15.0,2.46621207433047,2.772588722239781,14.949999999999989,2.4634687883351547,2.769458829230853,14.666666666666657,2.4478068206833203,2.7515353130419484,Skyler,16.5,Spring Canyon,4A
SC8,SC8_20240114,SC8_20240113,2024-01-14,2024-01-13,9,10,214.0,213.95,213.66666666666666,0.0,2024-01-14 11:30:01,227.0,226.95,226.66666666666666,2.0,2024-01-13 07:30:01,16.0,7.0,12.045454545454545,7.0,1.0,1.0,1.0313453536754509,4.3,1107.2,547.9999999999999,18.453333333333333,251,0.8243970230012747,1.0,91,-13.0,-2.3513346877207573,-2.6390573296152584,-13.0,-2.3513346877207573,-2.6390573296152584,-13.0,-2.3513346877207573,-2.6390573296152584,Skyler,16.5,Spring Canyon,4A
SC8,SC8_20240115,SC8_20240114,2024-01-15,2024-01-14,10,11,271.0,271.0,271.0,2.0,2024-01-15 16:00:01,214.0,213.95,213.66666666666666,0.0,2024-01-14 11:30:01,14.0,10.0,12.545454545454545,14.0,0.0,0.0,0.6858333333333333,2.4,734.8,15.599999999999998,12.246666666666666,16,0.5232770626091118,1.5,92,57.0,3.8485011312768047,4.060443010546419,57.05000000000001,3.8496260951325407,4.061304708143901,57.33333333333334,3.855988506438502,4.0661736852554045,Skyler,16.5,Spring Canyon,4A
SC8,SC8_20240116,SC8_20240115,2024-01-16,2024-01-15,11,12,284.0,284.0,284.0,12.0,2024-01-16 16:30:01,271.0,271.0,271.0,2.0,2024-01-15 16:00:01,14.0,9.0,12.5,14.0,0.0,0.0,0.5668055555555556,3.2,605.6,98.6,10.093333333333334,67,0.7336375649117675,0.0,93,13.0,2.3513346877207573,2.6390573296152584,13.0,2.3513346877207573,2.6390573296152584,13.0,2.3513346877207573,2.6390573296152584,Skyler,16.5,Spring Canyon,4A
SC8,SC8_20240117,SC8_20240116,2024-01-17,2024-01-16,12,13,293.0,288.0,289.6666666666667,5.0,2024-01-17 07:00:01,284.0,284.0,284.0,12.0,2024-01-16 16:30:01,17.0,8.0,12.045454545454545,13.0,1.5,1.5,0.5298611111111111,3.0,581.5999999999999,52.800000000000004,9.693333333333332,41,0.6277279209657686,1.0,94,9.0,2.080083823051904,2.302585092994046,4.0,1.5874010519681994,1.6094379124341003,5.666666666666686,1.782827080413123,1.8971199848858842,Skyler,16.5,Spring Canyon,4A
SC8,SC8_20240118,SC8_20240117,2024-01-18,2024-01-17,13,14,61.0,53.0,53.666666666666664,22.0,2024-01-18 09:10:01,293.0,288.0,289.6666666666667,5.0,2024-01-17 07:00:01,17.0,11.0,14.045454545454545,12.0,5.0,3.0,0.61125,3.2,640.5,89.60000000000001,10.675,68,0.7120186928130188,0.0,95,-232.0,-6.144633651371694,-5.4510384535657,-235.0,-6.171005792776717,-5.4638318050256105,-236.00000000000003,-6.179746605865644,-5.4680601411351315,Skyler,16.5,Spring Canyon,4A
SC8,SC8_20240119,SC8_20240118,2024-01-19,2024-01-18,14,15,24.0,24.0,20.333333333333332,0.0,2024-01-19 08:50:01,61.0,53.0,53.666666666666664,22.0,2024-01-18 09:10:01,16.0,8.0,13.142857142857142,11.0,4.5,0.5,0.785991678224688,4.9,822.9000000000001,244.69999999999996,13.715000000000002,137,0.8383584503985155,1.0,96,-37.0,-3.332221851645953,-3.6375861597263857,-29.0,-3.072316825685847,-3.4011973816621555,-33.33333333333333,-3.218297948685432,-3.536116699561526,Skyler,16.5,Spring Canyon,4A
SC8,SC8_20240120,SC8_20240119,2024-01-20,2024-01-19,15,16,4.0,4.0,4.0,0.0,2024-01-20 07:50:01,24.0,24.0,20.333333333333332,0.0,2024-01-19 08:50:01,17.0,11.0,14.380952380952381,12.0,5.0,7.0,2.14125,7.0,2225.3,2105.3999999999996,37.08833333333334,683,0.8124275106448218,3.0,97,-20.0,-2.7144176165949063,-3.044522437723423,-20.0,-2.7144176165949063,-3.044522437723423,-16.333333333333332,-2.5372208703400814,-2.8526314299133175,Skyler,16.5,Spring Canyon,4A
SC8,SC8_20240121,SC8_20240120,2024-01-21,2024-01-20,16,17,7.0,6.0,6.0,12.0,2024-01-21 11:50:01,4.0,4.0,4.0,0.0,2024-01-20 07:50:01,16.0,13.0,14.523809523809524,13.0,5.0,2.5,1.739251040221914,5.5,1732.6999999999998,1354.1999999999998,28.87833333333333,555,0.8216706076376922,2.0,98,3.0,1.4422495703074083,1.3862943611198906,2.0,1.2599210498948732,1.0986122886681098,2.0,1.2599210498948732,1.0986122886681098,Skyler,16.5,Spring Canyon,4A
SC8,SC8_20240122,SC8_20240121,2024-01-22,2024-01-21,17,18,23.0,6.0,11.666666666666666,19.0,2024-01-22 10:50:01,7.0,6.0,6.0,12.0,2024-01-21 11:50:01,18.0,13.0,15.714285714285714,17.0,7.5,11.5,1.9443055555555557,6.8,2079.9,1809.1000000000001,34.665,560,1.2842031969989007,3.0,99,16.0,2.5198420997897464,2.833213344056216,0.0,0.0,0.0,5.666666666666666,1.782827080413121,1.8971199848858813,Skyler,16.5,Spring Canyon,4A
SC8,SC8_20240123,SC8_20240122,2024-01-23,2024-01-22,18,19,8.0,8.0,8.0,0.0,2024-01-23 13:50:01,23.0,6.0,11.666666666666666,19.0,2024-01-22 10:50:01,17.0,12.0,14.666666666666666,17.0,6.0,4.0,1.2200000000000002,4.1,1232.5,351.5999999999999,20.541666666666668,232,0.5379992461356505,2.0,100,-15.0,-2.46621207433047,-2.772588722239781,2.0,1.2599210498948732,1.0986122886681098,-3.666666666666666,-1.5420216697275804,-1.5404450409471488,Skyler,16.5,Spring Canyon,4A
SC8,SC8_20240124,SC8_20240123,2024-01-24,2024-01-23,19,20,9.0,9.0,9.0,0.0,2024-01-24 10:20:01,8.0,8.0,8.0,0.0,2024-01-23 13:50:01,17.0,11.0,14.0,15.0,4.5,2.0,1.2129166666666666,4.1,1345.8000000000002,908.7,22.430000000000003,389,0.9954245115905989,2.0,101,1.0,1.0,0.6931471805599453,1.0,1.0,0.6931471805599453,1.0,1.0,0.6931471805599453,Skyler,16.5,Spring Canyon,4A
SC8,SC8_20240125,SC8_20240124,2024-01-25,2024-01-24,20,21,37.0,36.099999999999994,36.0,33.0,2024-01-25 11:50:01,9.0,9.0,9.0,0.0,2024-01-24 10:20:01,14.0,12.0,12.857142857142858,12.0,0.0,0.0,0.29541666666666666,2.6,306.6,11.6,5.11,11,0.5790975425942203,0.0,102,28.0,3.0365889718756622,3.367295829986474,27.099999999999994,3.0036991406152094,3.3357695763397,27.0,3.0,3.332204510175204,Skyler,16.5,Spring Canyon,4A
SC8,SC8_20240126,SC8_20240125,2024-01-26,2024-01-25,21,22,41.0,41.0,41.0,43.0,2024-01-26 09:50:01,37.0,36.099999999999994,36.0,33.0,2024-01-25 11:50:01,18.0,12.0,14.0,14.0,3.0,2.5,1.0764216366158113,4.1,1172.7,779.4000000000001,19.545,331,1.0502407278224102,0.0,103,4.0,1.5874010519681994,1.6094379124341003,4.900000000000006,1.6984992522418112,1.7749523509116747,5.0,1.7099759466766968,1.791759469228055,Skyler,16.5,Spring Canyon,4A
SC9,SC9_20240129,SC9_20240128,2024-01-29,2024-01-28,2,3,1.0,1.0,1.0,3.0,2024-01-29 14:30:01,31.0,18.29999999999999,18.333333333333332,44.0,2024-01-28 16:00:01,37.0,14.0,25.727272727272727,20.0,10.5,118.5,,,,,,0,,,106,-30.0,-3.1072325059538586,-3.4339872044851463,-17.29999999999999,-2.586318666944673,-2.9069010598473746,-17.333333333333332,-2.5879786922187686,-2.908720896564361,Vincent,6.7,Spring Canyon,9A
