deployment_id,date,photo_count,max_butterflies,butterflies_95th_percentile,butterflies_top3_mean,sum_butterflies_direct_sun,time_of_max,temp_max,temp_min,temp_mean,temp_at_max_count,hours_above_15C,degree_hours_above_15C,days_since_oct15,wind_avg_sustained,wind_max_gust,wind_gust_sum,wind_gust_sum_above_2ms,wind_gust_hours,wind_minutes_above_2ms,wind_gust_sd,wind_mode_gust,wind_obs_count
SC1,2023-11-18,22,56.0,55.95,55.666666666666664,0.0,2023-11-18 06:30:02,18.0,15.0,16.727272727272727,16.0,11.0,19.0,34,1.5639389736477114,4.9,1611.6000000000001,1367.6999999999998,26.860000000000003,480,1.2182667487732683,3.0,721
SC1,2023-11-19,22,21.0,20.9,20.333333333333332,5.0,2023-11-19 07:30:01,21.0,11.0,15.136363636363637,11.0,6.5,12.0,35,0.5797222222222222,4.5,916.1,259.6,15.268333333333334,158,0.7902394719096189,1.5,720
SC1,2023-11-20,22,5.0,5.0,5.0,3.0,2023-11-20 06:30:01,20.0,8.0,14.954545454545455,9.0,7.0,15.5,36,1.0552777777777778,6.3,1130.5,685.8999999999999,18.841666666666665,241,1.370028875014788,0.0,720
SC1,2023-12-15,23,0.0,0.0,0.0,0.0,2023-12-15 00:00:01,18.0,9.0,11.217391304347826,12.0,1.5,2.5,61,0.5082278481012659,3.2,234.3,40.0,3.9050000000000002,19,0.674070625049595,1.0,316
SC10,2024-01-06,22,39.0,29.9,32.333333333333336,8.0,2024-01-06 16:06:04,17.0,5.0,13.0,13.0,5.5,6.0,83,0.6754166666666668,3.8,666.7,181.0,11.111666666666668,74,0.7984723936017768,0.5,720
SC10,2024-01-07,21,78.0,77.0,74.66666666666667,104.0,2024-01-07 15:36:04,19.0,5.0,13.047619047619047,15.0,5.0,11.0,84,1.3319444444444444,4.7,1350.4,743.4,22.506666666666668,356,0.7231804444152719,2.0,720
SC10,2024-01-08,21,130.0,127.0,128.0,176.0,2024-01-08 15:06:04,19.0,3.0,12.857142857142858,18.0,5.0,13.5,85,0.9105555555555556,3.2,935.9000000000001,317.3999999999999,15.598333333333334,194,0.8305451618071514,2.0,720
SC10,2024-01-09,21,148.0,145.0,144.66666666666666,416.0,2024-01-09 16:36:04,19.0,5.0,13.761904761904763,13.0,5.0,13.0,86,1.2477115117891817,3.8,1260.0,908.6999999999999,21.0,438,1.0164878616174096,2.0,721
SC10,2024-01-10,21,282.0,180.0,197.0,385.0,2024-01-10 08:36:04,18.0,7.0,13.047619047619047,8.0,4.0,8.0,87,1.6387500000000002,4.7,1629.1,1221.3,27.151666666666664,529,0.7113475098075996,2.0,720
SC10,2024-01-11,21,306.0,220.0,245.66666666666666,456.0,2024-01-11 14:36:04,18.0,6.0,12.523809523809524,17.0,4.0,6.5,88,1.354923717059639,3.7,1359.7,736.3,22.66166666666667,383,0.590874705199476,2.0,721
SC10,2024-01-12,22,770.0,476.5999999999999,548.0,387.0,2024-01-12 16:06:04,18.0,5.0,12.909090909090908,13.0,5.0,10.0,89,1.2151388888888888,4.1,1240.8000000000002,531.8,20.680000000000003,304,0.6335409463776867,2.0,720
SC10,2024-01-13,22,497.0,420.55,443.3333333333333,1122.0,2024-01-13 14:36:04,20.0,5.0,13.818181818181818,19.0,5.5,14.5,90,0.9191666666666666,3.2,949.0,455.5999999999999,15.816666666666666,265,0.9416829235368532,2.0,720
SC10,2024-01-14,21,500.0,499.0,499.0,0.0,2024-01-14 08:06:04,14.0,10.0,12.714285714285714,10.0,0.0,0.0,91,0.6948611111111112,2.2,729.4000000000001,4.4,12.156666666666668,10,0.41356901396914064,1.0,720
SC10,2024-01-15,22,397.0,283.44999999999993,294.0,373.0,2024-01-15 08:26:04,20.0,7.0,14.045454545454545,9.0,5.5,13.5,92,0.36611111111111116,2.2,381.8,4.4,6.363333333333333,6,0.6194797319601185,0.0,720
SC10,2024-01-16,22,79.0,68.9,71.66666666666667,145.0,2024-01-16 07:26:04,20.0,8.0,13.954545454545455,8.0,4.5,13.5,93,0.4223611111111111,2.2,459.30000000000007,2.2,7.655000000000001,15,0.6677915723821658,0.0,720
SC10,2024-01-17,22,5.0,4.0,4.333333333333333,2.0,2024-01-17 16:26:04,23.0,11.0,15.545454545454545,12.0,6.0,19.0,94,0.4119444444444445,2.6,447.5,11.8,7.458333333333333,13,0.6340328561271416,0.0,720
SC10,2024-01-18,22,5.0,4.0,4.333333333333333,14.0,2024-01-18 08:26:04,18.0,8.0,14.136363636363637,9.0,6.0,9.5,95,0.46255201109570043,4.1,607.6,143.5,10.126666666666667,83,0.8194716046913166,0.0,721
SC10,2024-01-19,22,0.0,0.0,0.0,0.0,2024-01-19 06:56:04,19.0,11.0,14.681818181818182,11.0,5.5,12.5,96,1.4702777777777776,5.5,1745.4,1411.6,29.09,598,0.6846818901369468,2.0,720
SC10,2024-01-20,22,0.0,0.0,0.0,0.0,2024-01-20 06:56:04,17.0,12.0,14.318181818181818,12.0,4.5,4.5,97,1.2438280166435507,4.7,1371.0,586.2999999999998,22.85,332,0.6849861330462911,2.0,721
SC10,2024-01-21,22,0.0,0.0,0.0,0.0,2024-01-21 06:56:04,23.0,13.0,17.181818181818183,13.0,7.5,29.5,98,1.3972222222222221,6.3,1654.3,1177.7999999999997,27.571666666666665,483,0.9639005613790554,2.0,720
SC10,2024-01-22,22,4.0,3.0,3.3333333333333335,0.0,2024-01-22 12:56:04,18.0,12.0,14.727272727272727,14.0,4.5,6.5,99,0.9429166666666668,4.1,1035.6,187.69999999999996,17.259999999999998,110,0.5703645468229953,1.5,720
SC10,2024-01-23,22,357.0,245.95,282.6666666666667,265.0,2024-01-23 16:26:04,19.0,11.0,15.090909090909092,14.0,6.0,15.0,100,1.3595833333333334,3.8,1375.2,758.5,22.92,384,0.589131984475574,2.0,720
SC10,2024-01-24,22,309.0,299.9,302.3333333333333,0.0,2024-01-24 16:26:04,14.0,11.0,12.727272727272727,14.0,0.0,0.0,101,0.10680555555555554,2.0,119.30000000000001,0.0,1.9883333333333335,1,0.404293117164536,0.0,720
SC10,2024-01-25,22,270.0,266.7,260.0,406.0,2024-01-25 09:56:04,19.0,11.0,14.772727272727273,13.0,5.0,14.0,102,1.0975034674063804,3.2,1105.6000000000001,463.4,18.42666666666667,284,0.788832152157865,2.0,721
SC10,2024-01-26,22,137.0,96.9,109.66666666666667,178.0,2024-01-26 09:26:04,23.0,9.0,17.90909090909091,15.0,8.5,43.5,103,0.3365277777777778,2.0,402.5,0.0,6.708333333333333,5,0.5858570976489988,0.0,720
SC10,2024-01-27,21,0.0,0.0,0.0,0.0,2024-01-27 06:56:04,25.0,9.0,18.666666666666668,9.0,8.5,47.5,104,0.18198198198198198,1.6,115.50000000000001,0.0,1.9250000000000003,0,0.4484344271149104,0.0,444
SC10,2024-01-28,23,8.0,6.699999999999996,6.333333333333333,0.0,2024-01-28 17:50:01,34.0,14.0,23.0,16.0,10.5,93.0,105,,,,,,0,,,0
SC10,2024-01-29,22,23.0,14.699999999999996,15.666666666666666,15.0,2024-01-29 14:50:01,29.0,12.0,19.863636363636363,25.0,9.0,59.0,106,0.0,0.0,0.0,0.0,0.0,0,0.0,0.0,60
SC10,2024-01-30,22,10.0,9.0,9.333333333333334,23.0,2024-01-30 16:20:01,22.0,8.0,15.136363636363637,13.0,6.0,20.5,107,,,,,,0,,,0
SC10,2024-01-31,22,9.0,7.949999999999999,8.0,0.0,2024-01-31 09:50:01,18.0,11.0,14.136363636363637,14.0,4.0,4.5,108,,,,,,0,,,0
SC12,2024-01-28,22,37.0,27.749999999999996,29.333333333333332,49.0,2024-01-28 07:30:00,29.0,15.0,20.727272727272727,15.0,11.0,63.0,105,0.6686546463245493,3.0,682.9000000000001,84.0,11.381666666666668,58,0.7369010480174872,0.0,721
SC12,2024-01-29,22,159.0,70.04999999999997,88.0,140.0,2024-01-29 17:00:01,21.0,12.0,17.045454545454547,16.0,9.0,27.5,106,0.6729166666666667,5.1,706.9000000000001,169.20000000000002,11.781666666666668,85,0.855637976018628,0.0,720
SC12,2024-01-30,22,143.0,138.7,138.33333333333334,584.0,2024-01-30 10:30:01,19.0,8.0,13.454545454545455,14.0,4.5,6.5,107,0.7084722222222223,3.4,697.7,134.8,11.628333333333334,90,0.787064509203248,0.0,720
SC12,2024-01-31,22,149.0,129.09999999999994,112.33333333333333,18.0,2024-01-31 09:30:01,16.0,11.0,13.636363636363637,13.0,3.0,0.5,108,1.4730555555555553,7.2,1729.5,1409.4,28.825,448,1.4383708887592386,3.0,720
SC12,2024-02-01,22,29.0,26.0,27.0,68.0,2024-02-01 15:30:01,20.0,11.0,13.909090909090908,15.0,3.5,5.0,109,0.9605555555555554,5.5,965.4000000000001,325.4999999999999,16.09,162,0.9196808873905299,2.0,720
SC12,2024-02-02,22,35.0,32.64999999999999,31.333333333333332,202.0,2024-02-02 08:00:01,16.0,6.0,11.590909090909092,8.0,0.5,0.5,110,1.2962552011095698,4.1,1246.9,889.5999999999999,20.78166666666667,376,1.023227901429958,2.0,721
SC12,2024-02-03,22,26.0,25.599999999999994,23.333333333333332,22.0,2024-02-03 11:30:01,13.0,6.0,11.0,12.0,0.0,0.0,111,0.73125,2.8,733.5,70.80000000000001,12.225,55,0.6188473234455685,1.0,720
SC2,2023-11-18,22,120.0,110.95,113.66666666666667,34.0,2023-11-18 06:30:01,19.0,16.0,17.227272727272727,16.0,11.0,24.5,34,0.2677777777777778,10.5,319.7,205.0,5.328333333333333,94,1.105690376751661,0.0,720
SC4,2023-12-04,21,569.0,497.0,465.0,377.0,2023-12-04 09:30:01,24.0,9.0,18.238095238095237,19.0,8.5,44.0,50,0.3317614424410541,2.0,360.8,0.0,6.013333333333334,6,0.6208751386074274,0.0,721
SC4,2023-12-05,21,193.0,187.0,188.33333333333334,104.0,2023-12-05 07:00:01,30.0,12.0,22.571428571428573,13.0,9.0,83.5,51,0.23222222222222222,2.0,236.50000000000003,0.0,3.9416666666666673,1,0.43145824386066955,0.0,720
SC4,2023-12-06,22,6.0,4.849999999999998,4.333333333333333,0.0,2023-12-06 15:30:01,21.0,10.0,14.5,18.0,4.5,13.5,52,0.6131761442441054,3.2,638.3000000000001,45.40000000000001,10.638333333333334,52,0.7209601631077901,0.0,721
SC4,2023-12-07,22,184.0,169.9,174.0,80.0,2023-12-07 16:00:01,20.0,9.0,15.590909090909092,14.0,6.5,20.5,53,1.7270833333333333,4.3,1756.5,1472.6999999999998,29.275,585,0.750448984755423,3.0,720
SC4,2023-12-08,21,337.0,268.0,290.3333333333333,547.0,2023-12-08 15:00:01,20.0,9.0,15.285714285714286,19.0,7.0,16.5,54,1.7206657420249656,4.1,1749.7000000000003,1410.1999999999998,29.161666666666672,597,0.5086656977915103,2.5,721
SC4,2023-12-09,21,257.0,248.0,244.66666666666666,199.0,2023-12-09 07:30:01,26.0,8.0,18.38095238095238,8.0,7.5,49.5,55,0.32458333333333333,2.4,372.6,9.0,6.21,10,0.56889652356133,0.0,720
SC4,2023-12-10,21,28.0,19.0,21.666666666666668,19.0,2023-12-10 15:00:01,22.0,6.0,16.666666666666668,20.0,7.0,36.0,56,0.31347222222222226,2.0,326.3,0.0,5.4383333333333335,1,0.5879559045771121,0.0,720
SC4,2023-12-11,21,37.0,27.0,26.333333333333332,16.0,2023-12-11 17:00:01,23.0,12.0,18.142857142857142,13.0,7.5,39.5,57,0.6877777777777777,3.2,734.7,62.80000000000001,12.245000000000001,68,0.7104131836586328,0.0,720
SC4,2023-12-12,21,54.0,45.0,48.0,82.0,2023-12-12 08:30:01,22.0,6.0,16.904761904761905,8.0,7.0,39.5,58,0.5076388888888889,2.8,545.8000000000001,74.6,9.096666666666668,60,0.7864758083930184,0.0,720
SC4,2023-12-13,21,18.0,16.0,16.666666666666668,9.0,2023-12-13 15:00:01,21.0,4.0,16.0,19.0,7.0,32.5,59,0.4342579750346741,2.0,432.0,0.0,7.2,2,0.6481592532933825,0.0,721
SC4,2023-12-14,21,5.0,5.0,4.333333333333333,2.0,2023-12-14 07:00:01,28.0,7.0,19.904761904761905,7.0,8.0,66.5,60,0.37625000000000003,4.1,494.2,125.9,8.236666666666666,76,0.8151099238233543,0.0,720
SC4,2023-12-15,20,0.0,0.0,0.0,0.0,2023-12-15 07:00:01,32.0,7.0,21.45,8.0,7.5,79.5,61,0.463245492371706,4.1,614.4000000000001,169.39999999999998,10.240000000000002,88,0.8173289557917615,0.0,721
SC4,2023-12-16,21,150.0,129.0,127.66666666666667,2.0,2023-12-16 16:20:01,29.0,15.0,21.761904761904763,17.0,10.5,71.0,62,0.3822222222222222,2.4,467.5,22.599999999999998,7.791666666666667,25,0.6709755138332604,0.0,720
SC4,2023-12-17,21,135.0,135.0,132.0,48.0,2023-12-17 07:50:01,30.0,13.0,20.571428571428573,14.0,9.0,60.5,63,0.2038888888888889,3.4,235.89999999999998,20.8,3.931666666666666,11,0.5629991046259418,0.0,720
SC4,2023-12-18,20,8.0,7.050000000000001,7.333333333333333,0.0,2023-12-18 07:50:01,23.0,14.0,17.4,17.0,9.0,25.0,64,1.0666666666666667,4.5,1293.5,579.8,21.558333333333334,300,0.7139201260478232,2.0,720
SC4,2023-12-19,22,0.0,0.0,0.0,0.0,2023-12-19 06:50:01,18.0,13.0,15.318181818181818,14.0,8.0,7.0,65,0.617753120665742,3.2,836.2,96.4,13.936666666666667,67,0.6011026494120787,1.0,721
SC4,2023-12-20,20,0.0,0.0,0.0,0.0,2023-12-20 07:20:01,14.0,11.0,12.3,13.0,0.0,0.0,66,0.9780555555555556,5.7,1260.5,772.2,21.008333333333333,319,1.0782975124802567,2.0,720
SC4,2023-12-21,21,4.0,3.0,3.0,3.0,2023-12-21 13:50:01,22.0,12.0,14.857142857142858,17.0,4.5,11.5,67,0.6667128987517337,5.9,914.4000000000001,494.5,15.240000000000002,195,1.168630883988289,0.0,721
SC4,2023-12-22,21,131.0,130.0,126.66666666666667,80.0,2023-12-22 16:20:01,23.0,11.0,17.333333333333332,16.0,7.5,33.0,68,0.4568055555555555,2.6,489.2,16.2,8.153333333333332,18,0.6658527716094996,0.0,720
SC4,2023-12-23,20,208.0,107.30000000000007,137.0,0.0,2023-12-23 10:20:01,15.0,12.0,12.9,15.0,0.5,0.0,69,1.3070833333333332,3.2,1233.6,639.4000000000001,20.56,327,0.7831074650442728,2.0,720
SC4,2023-12-24,21,322.0,263.0,249.66666666666666,48.0,2023-12-24 16:20:01,21.0,8.0,15.952380952380953,14.0,7.0,27.0,70,0.8170833333333333,3.0,837.4000000000001,123.0,13.956666666666669,113,0.739165862410245,1.5,720
SC4,2023-12-25,20,234.0,234.0,234.0,40.0,2023-12-25 07:20:01,20.0,6.0,15.35,6.0,6.5,22.0,71,0.5923611111111111,2.8,602.9,48.80000000000001,10.048333333333334,45,0.7394364900550359,0.0,720
SC4,2023-12-26,20,166.0,157.45000000000002,150.66666666666666,61.0,2023-12-26 07:20:01,18.0,7.0,13.2,7.0,3.0,3.5,72,0.26555555555555554,2.0,275.3,0.0,4.588333333333334,2,0.5213467983598815,0.0,720
SC4,2023-12-27,21,118.0,118.0,118.0,47.0,2023-12-27 07:20:00,22.0,10.0,15.571428571428571,11.0,6.0,17.5,73,0.3238888888888889,2.8,424.8,22.0,7.08,11,0.5731692145777182,0.0,720
SC4,2023-12-28,20,6.0,3.150000000000002,3.6666666666666665,3.0,2023-12-28 13:50:01,24.0,9.0,17.15,22.0,8.0,31.0,74,0.2751733703190014,1.6,278.9,0.0,4.6483333333333325,0,0.4856622435020514,0.0,721
SC4,2023-12-29,21,1.0,1.0,1.0,0.0,2023-12-29 07:20:01,17.0,12.0,14.476190476190476,12.0,4.0,3.0,75,0.6288888888888889,4.7,829.8000000000001,203.70000000000002,13.830000000000002,135,0.8359411675500896,0.0,720
SC4,2023-12-30,20,88.0,85.15,84.66666666666667,12.0,2023-12-30 15:50:01,17.0,11.0,14.05,14.0,4.5,4.0,76,1.1452149791955617,4.5,1111.1,466.9,18.51833333333333,210,0.9044525653141656,1.5,721
SC4,2023-12-31,21,141.0,141.0,140.33333333333334,2.0,2023-12-31 12:20:01,18.0,10.0,13.0,13.0,1.5,2.0,77,0.29833333333333334,4.1,412.1,87.2,6.868333333333334,56,0.7797328329857848,0.0,720
SC4,2024-01-01,21,12.0,12.0,11.333333333333334,26.0,2024-01-01 13:20:01,23.0,8.0,17.38095238095238,22.0,7.0,38.5,78,0.6083333333333333,2.4,636.1,25.599999999999994,10.601666666666667,31,0.7019675501818212,0.0,720
SC4,2024-01-02,21,6.0,6.0,5.666666666666667,25.0,2024-01-02 07:20:01,21.0,5.0,15.666666666666666,5.0,7.0,26.0,79,0.46319444444444446,2.0,489.70000000000005,0.0,8.161666666666667,5,0.6016273551164,0.0,720
SC4,2024-01-03,21,120.0,111.0,114.0,39.0,2024-01-03 15:20:01,18.0,10.0,14.285714285714286,16.0,6.0,7.5,80,1.65375,4.9,1614.1,1303.6000000000001,26.901666666666664,482,1.1185946706663163,3.0,720
SC4,2024-01-04,22,153.0,152.0,152.33333333333334,154.0,2024-01-04 09:20:01,18.0,6.0,13.727272727272727,11.0,6.0,12.0,81,1.2703190013869625,3.4,1270.1,731.5999999999999,21.168333333333333,354,0.725130062570643,2.0,721
SC4,2024-01-05,15,127.0,118.6,116.66666666666667,87.0,2024-01-05 07:20:01,20.0,8.0,15.933333333333334,8.0,5.0,19.5,82,1.0240277777777778,8.2,1033.6,359.4,17.226666666666667,231,0.7711683762338598,2.0,720
SC6,2023-12-16,21,284.0,267.0,249.0,14.0,2023-12-16 15:20:01,23.0,16.0,18.761904761904763,18.0,10.5,39.5,62,0.6360610263522886,3.7,669.5000000000001,137.89999999999998,11.158333333333335,94,0.8065800819332377,0.0,721
SC6,2023-12-17,21,120.0,118.0,115.66666666666667,36.0,2023-12-17 07:50:01,24.0,14.0,19.142857142857142,14.0,9.5,44.5,63,0.4962499999999999,4.3,496.6,22.599999999999998,8.276666666666667,15,0.6303672952371907,0.0,720
SC6,2023-12-18,20,77.0,65.60000000000001,62.666666666666664,3.0,2023-12-18 07:50:01,19.0,14.0,16.8,17.0,9.5,18.5,64,1.6515277777777777,5.7,1656.5,1171.9,27.608333333333334,506,0.7912329534449479,2.0,720
SC6,2023-12-19,20,18.0,18.0,18.0,12.0,2023-12-19 09:20:01,16.0,14.0,15.15,15.0,8.5,3.0,65,1.1286111111111112,3.8,1149.9,322.19999999999993,19.165000000000003,210,0.5473210454960026,2.0,720
SC6,2023-12-20,20,17.0,17.0,17.0,0.0,2023-12-20 07:50:01,15.0,11.0,12.8,14.0,0.5,0.0,66,1.6833333333333333,7.2,1770.3999999999999,1245.6,29.506666666666664,468,1.0429597815145606,2.0,720
SC6,2023-12-21,20,15.0,15.0,14.666666666666666,0.0,2023-12-21 08:50:01,17.0,13.0,14.55,13.0,4.0,5.0,67,1.318862690707351,5.7,1365.1000000000001,811.9,22.75166666666667,345,0.8794948395265837,2.0,721
SC6,2023-12-22,20,135.0,65.65000000000005,83.0,52.0,2023-12-22 15:20:01,18.0,12.0,15.55,16.0,7.5,11.0,68,0.61875,2.6,631.7,34.4,10.528333333333334,29,0.583692369142945,1.0,720
SC6,2023-12-23,20,56.0,48.400000000000006,50.666666666666664,0.0,2023-12-23 10:20:01,14.0,12.0,13.1,14.0,0.0,0.0,69,1.3654646324549238,4.1,1329.1999999999998,755.5,22.15333333333333,347,0.8198683078551727,2.0,721
SC6,2023-12-24,21,75.0,73.0,72.66666666666667,120.0,2023-12-24 15:50:01,16.0,9.0,13.047619047619047,14.0,2.5,1.0,70,0.9626388888888887,3.7,991.0,265.09999999999997,16.516666666666666,176,0.6737669530108734,2.0,720
SC6,2023-12-25,20,84.0,77.35000000000001,77.66666666666667,122.0,2023-12-25 16:20:01,16.0,7.0,12.5,14.0,2.0,0.5,71,0.8097087378640776,3.4,823.5,220.79999999999995,13.725,145,0.7573878947921504,1.0,721
SC6,2023-12-26,20,79.0,63.80000000000001,68.33333333333333,32.0,2023-12-26 10:20:01,15.0,8.0,12.85,13.0,1.5,0.0,72,0.6293055555555556,3.0,613.5,58.800000000000004,10.225,46,0.6656659010300577,1.0,720
SC6,2023-12-27,20,108.0,94.70000000000002,94.0,73.0,2023-12-27 11:50:01,17.0,10.0,14.15,15.0,5.5,3.0,73,0.25430555555555556,2.4,286.59999999999997,11.4,4.776666666666666,7,0.5554850751151013,0.0,720
SC6,2023-12-28,20,83.0,83.0,81.66666666666667,233.0,2023-12-28 15:20:01,18.0,10.0,14.9,16.0,7.5,8.0,74,0.5925,2.2,576.0,2.2,9.6,12,0.5625790007882943,1.0,720
SC6,2023-12-29,21,77.0,61.0,65.66666666666667,2.0,2023-12-29 07:50:01,16.0,13.0,14.523809523809524,13.0,4.0,2.0,75,1.0243055555555556,3.7,1079.6,407.9,17.993333333333332,240,0.7015974002725722,2.0,720
SC6,2023-12-30,20,70.0,69.05,68.66666666666667,53.0,2023-12-30 14:20:01,15.0,12.0,13.55,15.0,1.5,0.0,76,1.1449375866851594,4.5,1138.3000000000002,559.0,18.97166666666667,229,0.9886616416034634,1.0,721
SC6,2023-12-31,20,26.0,26.0,26.0,0.0,2023-12-31 10:20:01,16.0,11.0,13.05,13.0,1.5,0.5,77,0.6913888888888889,3.8,713.8,208.99999999999994,11.896666666666667,99,0.8336178930010127,1.0,720
SC6,2024-01-01,21,165.0,164.0,127.33333333333333,237.0,2024-01-01 17:00:01,17.0,10.0,14.285714285714286,14.0,7.0,5.0,78,0.8381414701803053,3.0,861.7,96.2,14.361666666666668,80,0.6313708736955046,1.5,721
SC6,2024-01-02,21,144.0,137.0,138.33333333333334,332.0,2024-01-02 07:20:01,16.0,7.0,13.095238095238095,7.0,5.0,0.5,79,0.8320833333333334,2.6,831.4000000000001,63.80000000000001,13.856666666666667,64,0.5398242443652493,1.0,720
SC6,2024-01-03,21,79.0,79.0,77.66666666666667,408.0,2024-01-03 09:20:01,15.0,10.0,12.761904761904763,11.0,0.5,0.0,80,1.6368055555555556,5.3,1676.3000000000002,1383.5,27.938333333333336,471,1.1517403247993077,3.0,720
SC6,2024-01-04,21,41.0,34.0,36.333333333333336,224.0,2024-01-04 15:30:01,14.0,7.0,11.619047619047619,13.0,0.0,0.0,81,1.1244444444444446,3.8,1172.7,500.19999999999993,19.545,278,0.6616820928007956,1.0,720
SC6,2024-01-05,15,31.0,31.0,30.666666666666668,149.0,2024-01-05 10:30:01,16.0,9.0,12.733333333333333,14.0,2.5,0.5,82,1.0721835883171071,5.9,1142.4,302.9,19.040000000000003,174,0.8142968560377384,2.0,719
SC8,2024-01-06,22,264.0,252.95,256.3333333333333,1.0,2024-01-06 06:50:01,14.0,6.0,11.636363636363637,6.0,0.0,0.0,83,0.9413888888888888,4.9,945.5,266.49999999999994,15.758333333333333,101,0.8961862115092342,1.5,720
SC8,2024-01-07,22,243.0,237.0,239.0,9.0,2024-01-07 06:50:01,15.0,6.0,10.545454545454545,6.0,0.5,0.0,84,1.4958333333333333,5.1,1554.5,1052.8,25.908333333333335,486,0.7036773262495173,2.0,720
SC8,2024-01-08,22,242.0,242.0,242.0,32.0,2024-01-08 16:20:01,15.0,4.0,10.590909090909092,12.0,0.5,0.0,85,1.2938888888888889,4.1,1326.3,608.4000000000001,22.105,338,0.625239731491756,2.0,720
SC8,2024-01-09,22,255.0,254.95,254.66666666666666,26.0,2024-01-09 08:50:01,16.0,7.0,12.045454545454545,9.0,2.0,0.5,86,1.161026352288488,3.4,1230.5,493.0,20.508333333333333,266,0.6078286084072843,1.5,721
SC8,2024-01-10,22,253.0,252.0,252.33333333333334,9.0,2024-01-10 08:20:01,15.0,7.0,11.409090909090908,8.0,0.5,0.0,87,1.3605555555555555,4.9,1467.0,900.8,24.45,346,0.933242884219193,1.5,720
SC8,2024-01-11,22,245.0,245.0,245.0,4.0,2024-01-11 06:50:01,15.0,6.0,10.5,7.0,0.5,0.0,88,1.179889042995839,4.1,1239.1000000000001,379.20000000000005,20.651666666666667,250,0.5458568150218325,2.0,721
SC8,2024-01-12,22,212.0,212.0,212.0,10.0,2024-01-12 15:30:01,15.0,6.0,10.863636363636363,13.0,0.5,0.0,89,1.2586111111111111,4.3,1334.5,650.7,22.241666666666667,353,0.7328676688800173,2.0,720
SC8,2024-01-13,22,227.0,226.95,226.66666666666666,2.0,2024-01-13 07:30:01,16.0,7.0,12.045454545454545,7.0,1.0,1.0,90,1.0313453536754509,4.3,1107.2,547.9999999999999,18.453333333333333,251,0.8243970230012747,1.0,721
SC8,2024-01-14,22,214.0,213.95,213.66666666666666,0.0,2024-01-14 11:30:01,14.0,10.0,12.545454545454545,14.0,0.0,0.0,91,0.6858333333333333,2.4,734.8,15.599999999999998,12.246666666666666,16,0.5232770626091118,1.5,720
SC8,2024-01-15,22,271.0,271.0,271.0,2.0,2024-01-15 16:00:01,14.0,9.0,12.5,14.0,0.0,0.0,92,0.5668055555555556,3.2,605.6,98.6,10.093333333333334,67,0.7336375649117675,0.0,720
SC8,2024-01-16,22,284.0,284.0,284.0,12.0,2024-01-16 16:30:01,17.0,8.0,12.045454545454545,13.0,1.5,1.5,93,0.5298611111111111,3.0,581.5999999999999,52.800000000000004,9.693333333333332,41,0.6277279209657686,1.0,720
SC8,2024-01-17,22,293.0,288.0,289.6666666666667,5.0,2024-01-17 07:00:01,17.0,11.0,14.045454545454545,12.0,5.0,3.0,94,0.61125,3.2,640.5,89.60000000000001,10.675,68,0.7120186928130188,0.0,720
SC8,2024-01-18,21,61.0,53.0,53.666666666666664,22.0,2024-01-18 09:10:01,16.0,8.0,13.142857142857142,11.0,4.5,0.5,95,0.785991678224688,4.9,822.9000000000001,244.69999999999996,13.715000000000002,137,0.8383584503985155,1.0,721
SC8,2024-01-19,21,24.0,24.0,20.333333333333332,0.0,2024-01-19 08:50:01,17.0,11.0,14.380952380952381,12.0,5.0,7.0,96,2.14125,7.0,2225.3,2105.3999999999996,37.08833333333334,683,0.8124275106448218,3.0,720
SC8,2024-01-20,21,4.0,4.0,4.0,0.0,2024-01-20 07:50:01,16.0,13.0,14.523809523809524,13.0,5.0,2.5,97,1.739251040221914,5.5,1732.6999999999998,1354.1999999999998,28.87833333333333,555,0.8216706076376922,2.0,721
SC8,2024-01-21,21,7.0,6.0,6.0,12.0,2024-01-21 11:50:01,18.0,13.0,15.714285714285714,17.0,7.5,11.5,98,1.9443055555555557,6.8,2079.9,1809.1000000000001,34.665,560,1.2842031969989007,3.0,720
SC8,2024-01-22,21,23.0,6.0,11.666666666666666,19.0,2024-01-22 10:50:01,17.0,12.0,14.666666666666666,17.0,6.0,4.0,99,1.2200000000000002,4.1,1232.5,351.5999999999999,20.541666666666668,232,0.5379992461356505,2.0,720
SC8,2024-01-23,21,8.0,8.0,8.0,0.0,2024-01-23 13:50:01,17.0,11.0,14.0,15.0,4.5,2.0,100,1.2129166666666666,4.1,1345.8000000000002,908.7,22.430000000000003,389,0.9954245115905989,2.0,720
SC8,2024-01-24,21,9.0,9.0,9.0,0.0,2024-01-24 10:20:01,14.0,12.0,12.857142857142858,12.0,0.0,0.0,101,0.29541666666666666,2.6,306.6,11.6,5.11,11,0.5790975425942203,0.0,720
SC8,2024-01-25,19,37.0,36.099999999999994,36.0,33.0,2024-01-25 11:50:01,18.0,12.0,14.0,14.0,3.0,2.5,102,1.0764216366158113,4.1,1172.7,779.4000000000001,19.545,331,1.0502407278224102,0.0,721
SC8,2024-01-26,22,41.0,41.0,41.0,43.0,2024-01-26 09:50:01,20.0,10.0,15.863636363636363,15.0,8.0,19.5,103,0.7270833333333333,3.0,743.5,149.19999999999996,12.391666666666667,109,0.8065474299512295,0.0,720
SC9,2024-01-28,22,31.0,18.29999999999999,18.333333333333332,44.0,2024-01-28 16:00:01,37.0,14.0,25.727272727272727,20.0,10.5,118.5,105,,,,,,0,,,0
SC9,2024-01-29,21,1.0,1.0,1.0,3.0,2024-01-29 14:30:01,33.0,12.0,23.0,24.0,9.0,88.0,106,0.0,0.0,0.0,0.0,0.0,0,0.0,0.0,60
